,Name (English),Region of Focus,Language,Entity owner (English),Parent entity (English),YouTube account,id,YouTube URL,YouTube Subscriber #,Descriptions,Dates,Countries,Topics,Views,Subscribers,Videos,Keywords
0,Yang Xinmeng (Abby Yang),Anglosphere,English,China Media Group (CMG),Central Publicity Department,itsAbby,UCdRgCwVN57rPIg9w1gdIQTw,https://www.youtube.com/itsAbby,4680,"Nature explorerğŸŒ¿ğŸ¦’Story tellerğŸ“¸ğŸ¥
",2019-09-11T08:54:57Z,US,"['Society', 'Lifestyle']",4965050,6120,199,
1,Chen Zhong (Dechinghutay / Ghoti),Afghanistan,Pashto,China Media Group (CMG),Central Publicity Department,dechinghutay,UCXl9X2fi65wKf65r13efAGQ,https://www.youtube.com/channel/UCXl9X2fi65wKf65r13efAGQ,695,,2020-02-29T03:29:01.624539Z,,['Society'],24584,699,309,
2,Chinese Embassy in Burundi,Burundi,French,Ministry of Foreign Affairs,Ministry of Foreign Affairs,ambassadedechineauburundi9155,UCiY0sS_7yLb8bdtdIqZfa2Q,https://www.youtube.com/@ambassadedechineauburundi9155,71,"ä¸­åäººæ°‘å…±å’Œå›½é©»å¸ƒéš†è¿ªå…±å’Œå›½å¤§ä½¿é¦†å®˜æ–¹æ²¹ç®¡è´¦å·ã€‚
Compte officiel YouTube de l'Ambassade de la RÃ©publique populaire de Chine en RÃ©publique du Burundi",2021-01-20T07:53:09.44102Z,,"['Politics', 'Music', 'Performing arts', 'Society', 'Lifestyle']",3432,71,70,
3,Chinese Embassy in Dem. Rep. of Congo (Kinshasa),Dem. Rep. of Congo,French,Ministry of Foreign Affairs,Ministry of Foreign Affairs,ambassaderdcchine5932,UCP9gsqJWXzWw3RGEgSdIpNQ,https://www.youtube.com/@ambassaderdcchine5932,454,"La RÃ©publique dÃ©mocratique du Congo (RDC), parfois appelÃ©e Congo-Kinshasa en rÃ©fÃ©rence Ã  sa capitale Â« KINSHASAÂ« , est le plus grand pays francophone du monde en superficie et par sa population.
La RÃ©publique DÃ©mocratique du Congo sâ€™Ã©tend de lâ€™ocÃ©an Atlantique, au plateau de lâ€™Est, et correspond Ã  la majeure partie du bassin du fleuve Congo, vÃ©ritable colonne vertÃ©brale du pays.câ€™est le 11e Ã‰tat du monde par sa taille.



",2022-10-29T07:35:30.279916Z,,"['Society', 'Politics']",25544,535,12,
4,Andy Boreham,Shanghai,English,Shanghai United Media Group (SUMG),Shanghai Municipal Committee,ReportsOnChina,UCj-MTr4T4rC4iI671LNqmkA,https://www.youtube.com/ReportsOnChina,57000,"China is a complicated place, and there is definitely a lot of content out there that I don't think accurately or fairly represents this huge country of 1.4 billion. 

Hi there, I'm Andy Boreham (å®‰æŸç„¶), a New Zealander living and working in Shanghai, China. I make videos for a more critical and open-minded audience. I speak Mandarin and have a masters degree in Chinese Language and Culture from Fudan University, which I think helps me dive a bit deeper in my content.

This channel features my series Reports on China, where I analyze Western media reports and also occasionally present longer-form, in-depth reports on China topics. I also post other content here, including my Curious in China series which looks deeper into certain aspects of contemporary China that don't necessarily fit into news and current affairs.

If you're ready and willing to see the ""real"" China, at least according to me, then come along for the ride!

Follow me on Twitter: @AndyBxxx
Facebook: Andy's Shanghai Life
",2006-08-20T23:19:27Z,NZ,"['Society', 'Politics']",5749554,59300,254,"China ""Reports on China"" ""Andy Boreham"" propaganda media commentary politics ""news media"" news ""current affairs"" Shanghai"
5,Ma Ye (Ayisha Elseenya / Ø¹Ø§Ø¦Ø´Ø© Ø§Ù„ØµÙŠÙ†ÙŠØ©),MENA,Arabic,China Media Group (CMG),Central Publicity Department,AyishaElseenya,UC-Miuj0gMmQS6t9oQ3iUsCw,https://www.youtube.com/channel/UC-Miuj0gMmQS6t9oQ3iUsCw,866000,"Hey guys! This is Ayisha's personal YouTube channel, so sorry I've been disappeared for such a long time. In the past few years I have been to Morocco and UAE and Jordan, and I've been busy looking for a job after graduation. And from now on I'd like to share my life in China and my music cover videos and also some videos about cultural differences between China and Arab. Really hope we can be friends haha. 
Ø£Ø­Ø¨ Ø§Ù„ØµÙŠÙ†ØŒ ÙˆØ£Ø­Ø¨ Ø§Ù„Ù„ØºØ© Ø§Ù„Ø¹Ø±Ø¨ÙŠØ©!",2014-05-21T04:32:39Z,SG,['Lifestyle'],78291686,866000,187,"""Ayisha Elseenya"""
6,Beijing Review,Beijing,English,China International Communications Group (CICG),Central Publicity Department,BeijingReview,UCbPmn9xCFVYct7ghFQcr0DA,https://www.youtube.com/c/BeijingReview,1790,"Looking for the real story on China? Follow Beijing Review magazine, Chinaâ€™s only English-language news weekly published since 1958",2013-08-27T19:05:11Z,US,"['Society', 'Politics', 'Lifestyle']",542432,1800,1447,
7,CCTV+,China,Chinese,China Media Group (CMG),Central Publicity Department,CCTVVideoNewsAgency,UCmv5DbNpxH8X2eQxJBqEjKQ,https://www.youtube.com/@CCTVVideoNewsAgency,518000,"CCTV+ is a leading video news agency in China that offers Chinese news and Chinese perspective on international news. It offers quality news footage, live signals and archives to global media organizations and production companies.",2014-12-24T02:40:16Z,HK,"['Society', 'Politics']",293723289,526000,29639,"""CCTV PlusCCTVNewsCCTV News Content"" CCTV CCTV+"
8,CGTN Africa,African Union,English,China Media Group (CMG),Central Publicity Department,CGTNAfrica,UCMeYPU1YfXjxsUa6QXWsfjg,https://www.youtube.com/@cgtnafrica,824000,"YOUR LINK TO CHINA AND THE WORLDï¼

We provide the latest news from all over Africa. Whether you need to keep up with emerging issues in politics, business and sports, as well as insights on African entertainment, lifestyle or technology news, we have got you covered. 

Our news show include Africa Live, Global Business, Match Point, Talk Africa and Faces Of Africa.

You can also watch CGTN Africa on DSTV Channel 409, Zuku Channel 567 and Star Times Channel 123 everyday at 1000GMT or 1700GMT. ",2013-04-14T11:05:19Z,,"['Society', 'Politics']",261548047,830000,53685,CCTV AFRICA
9,CGTN America,USA,English,China Media Group (CMG),Central Publicity Department,cgtnamerica,UCj7wKsOBhRD9Jy4yahkMRMw,https://www.youtube.com/@cgtnamerica,685000,"CGTN in Washington, D.C., is the American arm of the English language China Global Television Network.  Watch live: https://america.cgtn.com/livestream/  

This material is distributed by MediaLinks TV, LLC on behalf of CCTV. Additional information is available at the Department of Justice, Washington, D.C.

CGTN America is the â€œWashington News Bureauâ€ for China Central Television (â€œCCTVâ€), which, through a division named the China Global Television Network (â€œCGTNâ€), offers multi-language news channels internationally, including a 24-hour English-language news channel that is broadcast to over 100 English-speaking countries, including the United States.",2012-06-21T18:03:33Z,US,"['Society', 'Politics']",339211057,696000,59035,"CGTN World News China Business ""Americas Now"" ""The Heat"" Insight ""Full Frame"" America"
10,CGTN Arabic,MENA,Arabic,China Media Group (CMG),Central Publicity Department,CGTNArabic,UCQmJk0ErE_FiorcLBsDKORA,https://www.youtube.com/@CGTNArabic,491000,"ØªØºØ·ÙŠ Ø¥Ø´Ø§Ø±Ø© Ù‚Ù†Ø§Ø© CGTN Ø§Ù„Ø¹Ø±Ø¨ÙŠØ© Ø¹Ù„Ù‰ Ù‚Ù…Ø± Ø¨Ø¯Ø± 6 ÙˆÙ‚Ù…Ø± Ø§Ù„Ù†ÙŠÙ„ Ø³Ø§ÙŠØª 201  Ø§Ù„Ø´Ø±Ù‚ Ø§Ù„Ø£ÙˆØ³Ø·  ÙˆÙ…Ù†Ø·Ù‚Ø© Ø´Ù…Ø§Ù„ Ø£ÙØ±ÙŠÙ‚ÙŠØ§ØŒ ÙˆØªØ¨Ø« Ø§Ù„Ù‚Ù†Ø§Ø© Ø¨Ø±Ø§Ù…Ø¬Ù‡Ø§ Ø¹Ù„Ù‰ Ù…Ø¯Ø§Ø± Ø§Ù„Ø³Ø§Ø¹Ø©.
",2016-12-12T07:11:58Z,HK,"['Society', 'Politics']",222605973,535000,30491,"Ø§Ù„ØµÙŠÙ† ""cgtn arabic"" ""Ø§Ù„Ø±Ø¦ÙŠØ³ Ø§Ù„ØµÙŠÙ†ÙŠ"" ""Ø´ÙŠ Ø¬ÙŠÙ† Ø¨ÙŠÙ†Øº"" cctv cgtn China"
11,CGTN Europe,EU,English,China Media Group (CMG),Central Publicity Department,CGTNEurope,UCj0TppyxzQWm9JbMg3CP8Rg,https://www.youtube.com/c/CGTNEurope,110000,"China Global Television Network (CGTN) has always sought to look for new ways of shedding light on world events.
Weâ€™re truly international and committed to searching out important and under-reported stories wherever and whenever they happen.
Weâ€™re now expanding our reach in Europe, and you can watch us 24 hours a day on cgtn.com. 
Our motto is â€˜See The Differenceâ€™ and thatâ€™s exactly what we offer â€“ a fresh take on the news, with features and analysis on current affairs, as well as shows on business, science and technology.
And youâ€™ll find out more about China, the fastest-growing economy in the world.
So whether you want to learn more about the world, or new perspectives on whatâ€™s happening across Europe, give CGTN a try.",2016-12-30T13:18:48Z,GB,"['Politics', 'Society']",68577819,206000,13310,"CGTN Europe news ""CGTN EUROPE"" CGTNEUROPE ""Europe news"" ""international news"" ""China news"" ""China News organisations"""
12,CGTN FranÃ§ais,la Francophonie,French,China Media Group (CMG),Central Publicity Department,CGTNFrancais,UCcfLuU0NFT0ZRoQy4jk6GdA,https://www.youtube.com/@CGTNFrancais,404000,Compte officiel de CGTN FranÃ§ais,2013-08-09T03:03:28Z,CN,"['Society', 'Politics']",144978764,408000,59354,CGTN CCTV tÃ©lÃ©vision chinoise nationale
13,CGTN Global Business,Anglosphere,English,China Media Group (CMG),Central Publicity Department,BizAsiaAmerica,UCZ8zS-h1CqfZrVVXlmwcIQQ,https://www.youtube.com/c/BizAsiaAmerica,7980,"Go to @cgtnamerica on YouTube to see all of our videos:  https://www.youtube.com/c/cgtnamerica

""Global Business"" is a daily global business news program aims to combine reporting of economic and financial issues in North and South America with those from China and the Asian region. ",2012-06-28T22:05:28Z,,"['Politics', 'Society']",3672083,8000,3351,"""CCTV Global Business"" Business News CCTV Finance America Asia China"
14,CGTN,Anglosphere,English,China Media Group (CMG),Central Publicity Department,CGTN,UCgrNz-aDmcr2uuto8_DL2jg,https://www.youtube.com/@cgtn,3050000,"China Global Television Network, or CGTN, is an international media organization launched on December 31, 2016. It aims to provide global audiences with accurate and timely news coverage as well as rich audiovisual services, promoting communication and understanding between China and the world, and enhancing cultural exchanges and mutual trust between China and other countries. 

Headquartered in Beijing, CGTN has three production centers, located in Nairobi, Washington D.C. and London, all staffed with international professionals from around the world.

Adhering to the principles of objectivity, rationality and balance in reporting, CGTN endeavors to present information from diverse perspectives.",2013-01-24T13:31:24Z,CN,"['Society', 'Politics']",2108439137,3070000,122623,CGTN NEWS
15,CGTN Russian,Russia,Russian,China Media Group (CMG),Central Publicity Department,cgtnrussian,UCA2WHG4EpVqul3TYjAF0k2A,https://www.youtube.com/@cgtnrussian,263000,"Â«CGTN Ğ Ğ£Ğ¡Ğ¡ĞšĞ˜Ğ™Â» - ĞºĞ¸Ñ‚Ğ°Ğ¹ÑĞºĞ¸Ğ¹ Ğ¼ĞµĞ¶Ğ´ÑƒĞ½Ğ°Ñ€Ğ¾Ğ´Ğ½Ñ‹Ğ¹ Ñ‚ĞµĞ»ĞµĞºĞ°Ğ½Ğ°Ğ», Ğ²ĞµÑ‰Ğ°ÑÑ‰Ğ¸Ğ¹ Ğ½Ğ° Ñ€ÑƒÑÑĞºĞ¾Ğ¼ ÑĞ·Ñ‹ĞºĞµ. ĞĞ°Ñ‡Ğ°Ğ» Ñ‚Ñ€Ğ°Ğ½ÑĞ»ÑÑ†Ğ¸Ñ 10 ÑĞµĞ½Ñ‚ÑĞ±Ñ€Ñ 2009 Ğ³Ğ¾Ğ´Ğ° Ğ¿Ğ¾Ğ´ Ğ½Ğ°Ğ·Ğ²Ğ°Ğ½Ğ¸ĞµĞ¼ Â«CCTV-Ğ ÑƒÑÑĞºĞ¸Ğ¹Â» Ğ¸ 31 Ğ´ĞµĞºĞ°Ğ±Ñ€Ñ 2016 Ğ³Ğ¾Ğ´Ğ°, Ğ² ÑĞ²ÑĞ·Ğ¸ Ñ Ğ¿ĞµÑ€ĞµÑ…Ğ¾Ğ´Ğ¾Ğ¼ Ğ² Ğ“Ğ»Ğ¾Ğ±Ğ°Ğ»ÑŒĞ½ÑƒÑ Ñ‚ĞµĞ»ĞµĞ²Ğ¸Ğ·Ğ¸Ğ¾Ğ½Ğ½ÑƒÑ ÑĞµÑ‚ÑŒ ĞšĞ¸Ñ‚Ğ°Ñ (China Global Television Network), Ğ±Ñ‹Ğ» Ğ¿ĞµÑ€ĞµĞ¸Ğ¼ĞµĞ½Ğ¾Ğ²Ğ°Ğ½ Ğ² Â«CGTN Ğ Ğ£Ğ¡Ğ¡ĞšĞ˜Ğ™Â». Ğ’ ÑÑ„Ğ¸Ñ€Ğµ Ñ‚ĞµĞ»ĞµĞºĞ°Ğ½Ğ°Ğ»Ğ°, ĞºĞ°Ğº Ğ¸ Ğ¿Ñ€ĞµĞ¶Ğ´Ğµ, Ğ²Ñ‹ Ğ½Ğ°Ğ¹Ğ´ĞµÑ‚Ğµ Ğ¿Ğ¾Ğ»ÑĞ±Ğ¸Ğ²ÑˆĞ¸ĞµÑÑ Ğ¸Ğ½Ñ„Ğ¾Ñ€Ğ¼Ğ°Ñ†Ğ¸Ğ¾Ğ½Ğ½Ñ‹Ğµ, Ğ¿Ğ¾Ğ·Ğ½Ğ°Ğ²Ğ°Ñ‚ĞµĞ»ÑŒĞ½Ñ‹Ğµ Ğ¸ Ñ€Ğ°Ğ·Ğ²Ğ»ĞµĞºĞ°Ñ‚ĞµĞ»ÑŒĞ½Ñ‹Ğµ Ğ¿Ñ€Ğ¾Ğ³Ñ€Ğ°Ğ¼Ğ¼Ñ‹: Â«ĞĞ¾Ğ²Ğ¾ÑÑ‚Ğ¸Â», Â«Ğ’Ñ€ĞµĞ¼Ñ Ğ•Ğ²Ñ€Ğ°Ğ·Ğ¸Ğ¸Â», Â«ĞšĞ¸Ñ‚Ğ°Ğ¹ ÑĞµĞ³Ğ¾Ğ´Ğ½ÑÂ», Â«Ğ”Ğ¸Ğ°Ğ»Ğ¾Ğ³Â», Â«Ğ’Ğ¾Ğ¿Ñ€Ğ¾ÑÑ‹ Ğ¸ Ğ¾Ñ‚Ğ²ĞµÑ‚Ñ‹Â», Â«Ğ–Ğ´Ğ¸ Ğ¼ĞµĞ½ÑÂ», Â«Ğ”Ğ¾ĞºÑƒĞ¼ĞµĞ½Ñ‚Ğ°Ğ»ÑŒĞ½Ñ‹Ğµ Ñ„Ğ¸Ğ»ÑŒĞ¼Ñ‹Â», Â«ĞŸÑƒÑ‚ÑŒ Ğº ÑƒÑĞ¿ĞµÑ…ÑƒÂ», Â«Ğ‘ÑƒĞ´ÑŒÑ‚Ğµ ĞºĞ°Ğº Ğ´Ğ¾Ğ¼Ğ°Â», Â«Ğ’Ğ¾Ñ‚ ÑÑ‚Ğ¾ Ğ´Ğ°!Â», Â«ĞšĞ¸Ñ‚Ğ°Ğ¹ÑĞºĞ°Ñ ĞºÑƒÑ…Ğ½ÑÂ», Â«Ğ¢ĞµĞ»ĞµÑĞµÑ€Ğ¸Ğ°Ğ»Â» Ğ¸ Â«Ğ•Ğ´ĞµĞ¼ Ğ² ĞšĞ¸Ñ‚Ğ°Ğ¹Â». ĞœÑ‹ Ğ¿Ñ€Ğ¾Ğ´Ğ¾Ğ»Ğ¶Ğ¸Ğ¼ Ñ€Ğ°ÑÑĞºĞ°Ğ·Ñ‹Ğ²Ğ°Ñ‚ÑŒ Ğ²Ğ°Ğ¼ Ğ¾Ğ±Ğ¾ Ğ²ÑĞµĞ¼, Ñ‡Ñ‚Ğ¾ Ğ¿Ñ€Ğ¾Ğ¸ÑÑ…Ğ¾Ğ´Ğ¸Ñ‚ Ğ² ĞšĞ¸Ñ‚Ğ°Ğµ Ğ¸ Ğ²Ğ¾ Ğ²ÑĞµĞ¼ Ğ¼Ğ¸Ñ€Ğµ. Ğ‘ÑƒĞ´ÑŒÑ‚Ğµ Ğ² ĞºÑƒÑ€ÑĞµ ÑĞ°Ğ¼Ñ‹Ñ… Ğ¿Ğ¾ÑĞ»ĞµĞ´Ğ½Ğ¸Ñ… ÑĞ¾Ğ±Ñ‹Ñ‚Ğ¸Ğ¹ Ğ²Ğ¼ĞµÑÑ‚Ğµ Ñ Ğ½Ğ°Ğ¼Ğ¸!",2016-12-16T16:06:39Z,,"['Politics', 'Society']",106105699,264000,18534,
16,CGTN Sports Scene,Anglosphere,English,China Media Group (CMG),Central Publicity Department,cgtnsportsscene,UC2QWHeJ0VmmsGQ8UjbcGRkQ,https://www.youtube.com/@cgtnsportsscene,158000,"Chinaâ€™s only English Sports TV show. Daily coverage of ğŸ…’ğŸ…¢ğŸ…› & ğŸ…’ğŸ…‘ğŸ… and other major international events around the world.
",2020-06-24T06:21:39.859609Z,,"['Sports', 'Football']",64501843,159000,17009,
17,China Daily,Anglosphere,English,China Daily Press,Central Publicity Department,ChinaDailyOfficialChannel,UCahujLjSL34EPNxtwKRi_vg,https://www.youtube.com/@ChinaDailyOfficialChannel,337000,Your fast way to all things China.,2016-12-06T19:47:06Z,CN,"['Politics', 'Lifestyle', 'Society']",43037170,580000,4810,"CHINA ä¸­å›½æ—¥æŠ¥ ""China Daily"""
18,Chinese Embassy in EU,EU,English,Ministry of Foreign Affairs,Ministry of Foreign Affairs,missionofchinatotheeu3586,UCuuhPbzNlWAw1ePgWHFRilw,https://www.youtube.com/@missionofchinatotheeu3586,350,Welcome to the official YouTube Channel for the Chinese Mission to the European Union. Here you will find videos related to the Missionâ€™s activities and about China-EU relations.,2015-01-06T11:00:04Z,BE,"['Society', 'Politics', 'Lifestyle']",69249,351,91,China EU Europe Mission diplomacy relations
19,State Council Information Office (SCIO),Anglosphere,English,State Council Information Office (SCIO),State Council,ChinaSCIO,UCp5YQp-iI7W-tJs6FfXzPaw,https://www.youtube.com/@ChinaSCIO,1740,"This is the official YouTube Channel of China's State Council Information Office (SCIO).

The SCIO is an administrative office under China's State Council. Established in 1991, it is the chief information office of the Chinese government.

The function of the SCIO is to propel domestic media further along the path of introducing China to the international community, including China's domestic and foreign policies, the development of the Chinese economy and society, as well as China's history, technology, education and culture. The SCIO holds press conferences regarding major national policies, and provides books, magazines, films, television programs and other means of communication to introduce China to the world. The SCIO helps foreign journalists to cover China, as well as carries out exchanges with governments and media outlets from across the globe. 

The mission of the SCIO is to promote the communication, understanding and trust between China and countries across the world.

",2015-11-09T03:04:33Z,,"['Politics', 'Society']",669002,1750,1787,"China ""State Council"" Information Press"
20,Chinese Embassy in United Kingdom (UK),UK,English,Ministry of Foreign Affairs,Ministry of Foreign Affairs,chineseembassyinuk4659,UC5f9jS5g5MvgyfB5buYjENw,https://www.youtube.com/@chineseembassyinuk4659,297,,2020-09-22T14:56:27.347801Z,GB,"['Politics', 'Society']",51767,297,79,
21,ChloÃ© Zhou,la Francophonie,French,China Media Group (CMG),Central Publicity Department,chloezhou11,UCCcKEXOzJ4JsjJY8RO9d9WA,https://www.youtube.com/channel/UCCcKEXOzJ4JsjJY8RO9d9WA,930,"
DÃ‰COUVREZ LA MODE, LE LIFESTYLE AVEC MOI.",2020-03-10T15:01:34.934304Z,FR,"['Society', 'Fashion', 'Lifestyle']",60758,936,125,Chine coronavirus pandÃ©mie Ã©pidÃ©mie china hÃ´pital
22,Chinese Consulate General in Osaka,Japan,Japanese,Ministry of Foreign Affairs,Ministry of Foreign Affairs,user-kr2ke5sy6b,UCY7ST2ZU2JwtBzEYcuYeFIA,https://www.youtube.com/@user-kr2ke5sy6b,1700,ä¸­å›½é§å¤§é˜ªç·é ˜äº‹é¤¨ã®å…¬å¼Youtubeã§ã™ï¼ä¸­å›½ç¤¾ä¼šã‚„ä¸­æ—¥é–¢ä¿‚ã€ã¾ãŸã¯åœ¨è¥¿æ—¥æœ¬ã®å‡ºæ¥äº‹ãªã©ã‚’çš†æ§˜ã«ã”ç´¹ä»‹ã•ã›ã¦ã„ãŸã ãã¾ã™ã€‚ãƒ•ã‚©ãƒ­ãƒ¼ã—ã¦ã­ï¼â¤è¿™é‡Œæ˜¯ä¸­å›½é©»å¤§é˜ªæ€»é¢†é¦†å®˜æ–¹è´¦å·ã€‚,2020-09-29T06:14:40.052493Z,,"['Society', 'Lifestyle', 'Politics']",224337,1730,361,
23,Chinese Consulate General in Nagoya,Japan,Japanese,Ministry of Foreign Affairs,Ministry of Foreign Affairs,user-vz3fv8md2p,UCJ62Bw4CgM80wn_AjvWryoA,https://www.youtube.com/@user-vz3fv8md2p,11,,2021-07-02T02:29:17.999091Z,,"['Sports', 'Lifestyle']",1787,11,3,
24,CRI Italian (Radio Cina Internazionale),Italy,Italian,China Media Group (CMG),Central Publicity Department,CINITALIA,UC-89ZO9I7TAj9HkZHMllgpg,https://www.youtube.com/channel/UC-89ZO9I7TAj9HkZHMllgpg,3920,"Cinitalia Ã¨ la tua porta dâ€™accesso privilegiata per comprendere lo storico cambiamento cui sta andando incontro la Cina in questi anni. Una redazione composta da personale specializzato mette a tua disposizione tutte le principali informazioni sulla Cina di oggi. 
Da noi c'Ã¨ tutto quello che ti serve per conoscere la Cina! L'unico canale in lingua italiana di CHINA MEDIA GROUP.",2018-10-31T01:08:10Z,IT,,1055329,3960,1273,
25,China Content Center,China,Chinese,"Shanghai Guanchazhe Information Technology Co.,Ltd",Shanghai Academy of Social Sciences (SASS),chinacontentcenter,UCYfJG6cGfW84FVLuy7semEg,https://www.youtube.com/@chinacontentcenter,600000,"https://chinaacademy.substack.com/
è”ç³»æˆ‘ä»¬/Contact Usï¼šhello@thechinaacademy.org


",2017-01-01T10:41:26Z,US,"['Knowledge', 'Society']",205437643,600000,3855,"Politics China Economics ""Current Affairs"""
26,China News Service (CNS) Agency,China,Chinese,China News Service (CNS),United Front Work Department,cnsvideo,UCpbfXQsYBJTwq5lCkwGIeuQ,https://www.youtube.com/@cnsvideo,193000,"ä¸­å›½æ–°é—»ç¤¾ï¼Œç®€ç§°â€œä¸­æ–°ç¤¾â€ï¼Œæ˜¯ä¸­å›½ä»¥å¯¹å¤–æŠ¥é“ä¸ºä¸»è¦æ–°é—»ä¸šåŠ¡çš„å›½å®¶é€šè®¯ç¤¾ï¼Œæ˜¯ä»¥æµ·å¤–åä¾¨åäººã€æ¸¯æ¾³åŒèƒã€å°æ¹¾åŒèƒå’Œä¸ä¸­å›½æœ‰å…³ç³»çš„å¤–å›½äººä¸ºä¸»è¦æœåŠ¡å¯¹è±¡çš„å›½é™…é€šè®¯ç¤¾ã€‚

ä¸­æ–°ç¤¾å»ºæœ‰å¤šæ¸ é“ã€å¤šå±‚æ¬¡ã€å¤šåŠŸèƒ½çš„æ–°é—»ä¿¡æ¯å‘å¸ƒä½“ç³»ï¼Œæ¯å¤©24å°æ—¶ä¸é—´æ–­å‘ä¸–ç•Œå„åœ°æ’­å‘æ–‡å­—ã€å›¾ç‰‡ã€è§†é¢‘ã€ç‰ˆé¢ã€å›¾è¡¨ã€ç½‘ç»œã€æ–°åª’ä½“ç­‰å„ç±»æ–°é—»ä¿¡æ¯äº§å“ï¼Œç”¨æˆ·éåŠäº”å¤§æ´²ä¸€ç™¾å¤šä¸ªå›½å®¶å’Œåœ°åŒºï¼Œå½¢æˆäº†æ¶µç›–æµ·å¤–ä¸»è¦åæ–‡åª’ä½“çš„å…¨åª’ä½“å®¢æˆ·ç½‘ç»œã€‚

China News Service (CNS) is not only a state-level news agency in China with spreading news worldwide as its main task, but also an international news agency with the compatriots from Taiwan, Hong Kong and Macao, overseas Chinese and related foreigners as its major subscribers.

CNS functions as: a state-level new agency spreading news worldwide, a database of information from global Chinese-language media, and an international news agency. It fulfills its responsibility through: traditional style of reports, including scripts, photos and special articles; new style of reports, mainly Internet, communication, videos, and SMS; content provision to overseas Chinese-language newspapers; and self-running newspapers and journals.
",2018-10-17T10:12:58Z,HK,"['Society', 'Politics']",110872667,201000,25603,ä¸­åœ‹ æ–°è è¦–é » çªç™¼ å°ç£ æ–°ç–† è¥¿è—
27,CRI Polish,Poland,Polish,China Media Group (CMG),Central Publicity Department,ChinyDziendobry,UC6sQzpQJP-juqHyKLMF-Jyw,https://www.youtube.com/channel/UC6sQzpQJP-juqHyKLMF-Jyw,896,,2023-04-06T07:25:48.904386Z,,['Lifestyle'],103315,2940,222,
28,Xu Zhike (Coco Studio),la Francophonie,French,China Media Group (CMG),Central Publicity Department,CocoStudioenChine,UC2bFxuLClcjHadRnrKvxweQ,https://www.youtube.com/channel/UC2bFxuLClcjHadRnrKvxweQ,156000,"Je suis Coco, une Chinoise trilingue qui parle chinois, anglais et franÃ§ais. J'ai vÃ©cu et Ã©tudiÃ© Ã  Paris, je vis maintenant Ã  Beijing. J'aime rÃ©flÃ©chir et partager, j'aime les diffÃ©rences et les changements. Je partagerai mes dÃ©couvertes sur ce monde diver. Envie d'en savoir plus sur la Chine ? Un plan d'apprendre le chinois ? Alors suivez-moi ! 
I'm coco, a Chinese girl who can speak Chinese, English and French. I lived and studied in Paris and now live in Beijing. I like to think and share, I like differences and changes, I will share my discoveries about this diverse world. Want to know more about China? A plan to learn Chinese? So follow me!
",2020-01-21T05:51:54.611557Z,FR,['Lifestyle'],55654461,160000,246,
29,Chinese Consulate General in San Francisco,USA,English,Ministry of Foreign Affairs,Ministry of Foreign Affairs,user-cq4mw4or9e,UCNvBZCa3XVr7hj4tFPSJtFA,https://www.youtube.com/@user-cq4mw4or9e,16,,2020-09-14T20:40:11.50463Z,,['Lifestyle'],708,16,2,
30,CRI TÃ¼rkÃ§e,TÃ¼rkiye,Turkish,China Media Group (CMG),Central Publicity Department,CGTN TÃ¼rk,UCo-csRn84BRQpStq0OKkqBQ,https://www.youtube.com/criturk,44400,"CGTN TÃ¼rk YouTube KanalÄ±â€™na hoÅŸgeldiniz.

Ã‡in Medya Grubu (CMG) Ã§atÄ±sÄ± altÄ±nda yayÄ±ncÄ±lÄ±k yapan CGTN (Ã‡in KÃ¼resel Televizyon AÄŸÄ±) 31 AralÄ±k 2016'da kurulan uluslararasÄ± bir medya kuruluÅŸudur.

KÃ¼resel izleyicilere doÄŸru ve zamanÄ±nda haber kapsamÄ±nÄ±n yanÄ± sÄ±ra zengin gÃ¶rsel-iÅŸitsel hizmetler sunmayÄ±, Ã‡in ile dÃ¼nya arasÄ±ndaki iletiÅŸimi ve anlayÄ±ÅŸÄ± teÅŸvik etmeyi amaÃ§lamaktadÄ±r. Ã‡in ile diÄŸer Ã¼lkeler arasÄ±ndaki kÃ¼ltÃ¼rel alÄ±ÅŸveriÅŸi ve karÅŸÄ±lÄ±klÄ± gÃ¼veni artÄ±rmak temel hedefidir. Habercilik anlayÄ±ÅŸÄ±nda objektiflik, rasyonellik ve denge ilkelerine baÄŸlÄ± kalan CGTN, bilgiyi farklÄ± bakÄ±ÅŸ aÃ§Ä±larÄ±yla sunmaya Ã§alÄ±ÅŸmaktadÄ±r.


",2014-09-24T08:42:34Z,TR,"['Society', 'Politics']",12939628,45400,6870,"haber Ã§in ""Ã¶zel haber"" spor kÃ¼ltÃ¼r sanat siyaset mÃ¼zik ""dÃ¼nyadan haber"" ""Ã§in medyasÄ±"""
31,CRI Japanese,Japan,Japanese,China Media Group (CMG),Central Publicity Department,cri8511,UCAq3au5J8QghC2nuzaDdHZA,https://www.youtube.com/channel/UCAq3au5J8QghC2nuzaDdHZA,3680,"ä¸­å›½å›½éš›æ”¾é€å±€ï¼ˆCRIï¼‰æ—¥æœ¬èªæ”¾é€ã¯ã€ä¸­å›½ã§æœ€åˆã®æµ·å¤–æ”¾é€å±€ã§ã™ã€‚ãƒ‹ãƒ¥ãƒ¼ã‚¹ã‚„è¦³å…‰ãªã©ã€ä¸­å›½ã®æœ€æ–°æƒ…å ±ã¯ã“ã“ã§ãƒã‚§ãƒƒã‚¯ï¼ å…¬å¼ã‚¢ãƒ—ãƒªã€ŒKANKANã€ã‚‚é…ä¿¡ä¸­ï¼
å…¬å¼ã‚µã‚¤ãƒˆï¼šhttp://japanese.cri.cnã€€Facebookï¼šhttp://facebook.com/japanese.cri
",2013-12-27T10:44:28Z,JP,"['Society', 'Movies', 'Politics', 'Entertainment']",1039866,3700,1581,ä¸­å›½ æ—¥æœ¬ åŒ—äº¬ ä¸­è¯ è¦³å…‰ ã‚°ãƒ«ãƒ¡ ã‚¨ãƒ³ã‚¿ãƒ¡ æ–°å‹ã‚³ãƒ­ãƒŠ CGTN CCTV ã‚ªãƒªãƒ³ãƒ”ãƒƒã‚¯ ä¸­å›½èª æ”¿æ²»
32,CRI Urdu,Pakistan,Urdu,China Media Group (CMG),Central Publicity Department,urducri6294,UC8qhxgtJLrp1-0qSW2q6iSw,https://www.youtube.com/@urducri6294,3870,,2015-04-17T05:40:49Z,,['Society'],399823,3870,2,
33,China State Construction (CSCEC),Anglosphere,English,China State Construction Engineering (CSCEC),State Council,CSCECNews,UCe2GGuqcIBr5pLNZE5_N6Dw,https://www.youtube.com/@CSCECNews,5650,"Founded in 1982, China State Construction Engineering Corporation is now a global investment and construction group featuring professional development and market-oriented operation. We have been doing business in more than 100 countries and regions in the world, covering investment and development, construction engineering as well as survey and design. In China, China State Construction has built more than 90% of skyscrapers above 300m, three-quarters of key airports, three-quarters of satellite launch b

Taking ""expanding a happy living environment"" as its mission, China State Construction adheres to core values of ""quality assurance and value creation"" and corporate spirits of ""honesty, innovation, transcendence and win-win"" to build a world-class enterprise with global competitiveness. It pursues to become the top brand in global investment and construction arena and a banner of China's reform, development and urbanization aimed to realize the Chinese Dream of national rejuvenation.",2019-12-24T00:20:08.651348Z,,['Society'],423556,5730,278,
34,Wang Di'er (Deer Wang),Anglosphere,English,Xinhua News Agency,State Council,dierwang4537,UCQNeX7sy9LdWhlY-byDmQwg,https://www.youtube.com/channel/UCQNeX7sy9LdWhlY-byDmQwg,309,,2018-03-01T08:25:31Z,,"['Society', 'Music', 'Politics']",14186,308,6,
35,Discover Jilin,Anglosphere,English,Department of Culture and Tourism of Jilin Province,Jilin Provincial People's Government,DiscoverJilin,UC1l6VRXBr9PILyw58pl9jaQ,https://www.youtube.com/DiscoverJilin,1400,,2021-12-23T03:09:12.418361Z,,,261439,1400,98,
36,DotDot News,Hong Kong,English,Hong Kong Ta Kung Wen Wei Media Group (HKTKWW),Hong Kong Liaison Office of the Central Government,dotdotnewsEnglish,UCW1IT0yzVG3xEonao-nHaxg,https://www.youtube.com/channel/UCW1IT0yzVG3xEonao-nHaxg,4690,"Through dots, we connect.
è®“ä¸–ç•Œçœ‹åˆ°å½©è‰²çš„é¦™æ¸¯ï¼Œè®“é¦™æ¸¯çœ‹åˆ°å½©è‰²çš„ä¸–ç•Œã€‚

https://english.dotdotnews.com/

Twitter @DotDotNews111
",2020-07-08T06:14:20.559287Z,,"['Society', 'Lifestyle']",1371678,4720,984,
37,Dragon TV,Shanghai,Chinese,Shanghai Media Group (SMG),Shanghai Municipal Committee,SMGDragonTV,UCJ06BguWKS5GJsEue7u79PQ,https://www.youtube.com/@SMGDragonTV/,930000,"ç‚¹å‡»è®¢é˜…ï¼Œå°±æœ‰æœºä¼šè·å¾—ææŒ‘å® ç²‰å­£æƒŠå–œå¤§ç¤¼ï¼
â˜†æœ€å…¨é¢çš„çƒ­ç‚¹å†…å®¹ - è®¢é˜…SMGä¸Šæµ·ç”µè§†å°å®˜æ–¹é¢‘é“ï¼šhttp://bit.ly/ShanghaiTV
â˜…æœ€çˆ†ç¬‘çš„å–œå‰§ç‹ç‰Œ - è®¢é˜…SMGä¸Šæµ·ä¸œæ–¹å«è§†æ¬¢ä¹é¢‘é“: https://bit.ly/30Dv1PW
â˜†æœ€åŠ¨å¬çš„åè¯­éŸ³ä¹ - è®¢é˜…SMGä¸Šæµ·ä¸œæ–¹å«è§†éŸ³ä¹é¢‘é“: http://bit.ly/33lUKNA
â˜…æœ€æ ¸å¿ƒçš„SMGæ–°é—»é¢‘é“ - è®¢é˜…çœ‹çœ‹æ–°é—»Knews: https://bit.ly/SMGKnews
â˜†æœ€å‰æ²¿çš„ä¸Šæµ·åœ°é¢ä¸»é¢‘é“ - è®¢é˜…STVç»¼åˆé¢‘é“ï¼šhttps://bit.ly/smgstv


ğŸ”¥ çƒ­æ’­ç»¼è‰º ğŸ”¥
ã€Tue. 19:30(GMT+8)ã€‘ã€Šæ‰“å¡å§ï¼åƒè´§å›¢2ã€‹
ã€Sun. 20:00(GMT+8)ã€‘ã€Šæé™æŒ‘æˆ˜8ã€‹

ä¸œæ–¹å«è§†å°Šé‡æ‰€æœ‰ä½¿ç”¨çš„èŠ‚ç›®åŠéŸ³ä¹ç´ æç‰ˆæƒï¼Œå¦‚æ‚¨å¯¹ç‰ˆæƒé—®é¢˜å­˜åœ¨ä»»ä½•å¼‚è®®ï¼Œè¯·ç¬¬ä¸€æ—¶é—´é€šè¿‡é‚®ä»¶è”ç³»æˆ‘ä»¬ï¼Œæˆ‘ä»¬éå¸¸æ„¿æ„ä¸ºæ‚¨è§£å†³ç›¸å…³é—®é¢˜ï¼
SMG Shanghai TV Official Channel respects all programs and music copyrights in our channel. If you have any questions about copyright, please contact us. 
",2012-07-05T07:47:51Z,US,"['TV shows', 'Movies', 'Entertainment']",224171768,929000,8331,ä¸œæ–¹å«è§† ä¸­å›½ä¸œæ–¹å«è§† ä¸­ç¾è´¸æ˜“æˆ˜ 5G æ—å¿—ç² è¿™å°±æ˜¯ä¸­å›½ äººé—´åŒ»äº‹ æœªæ¥é‚€è¯·å‡½ æ¬¢ä¹å–œå‰§äºº æ¬¢ä¹å–œå‰§äºº5 æ²¡æƒ³åˆ°å§ äººé—´ä¸– äººé—´ä¸–2 å·¡é€»ç°åœºå®å½•2018 å–å½©ä¸­å å¤©ç±ä¹‹æˆ˜ é—ªäº®çš„åå­— çºªå½•ç‰‡ å¼ ç»´ä¸º å‘³é“ä¸­å›½ è¯—ä¹¦ç”» ç”Ÿå‘½æ—¶é€Ÿ120 ç”Ÿé—¨ çºªå½•ç‰‡ç”Ÿé—¨ æµ·ä¸Šä¸ç»¸ä¹‹è·¯ é“¶å‘æ±¹æ¶Œ å–€ä»€å››ç«  72å°æ—¶ åæ—åº•ç‰‡ æ¡£æ¡ˆä¹‹æ—¶é—´çš„å±…æ‰€ æ¢¦æƒ³æ”¹é€ å®¶ç¬¬äº”å­£ ç¾å¥½ç”Ÿæ´»å®¶ å®Œç¾æ­æ¡£ ä»Šå¤œç°åœºç§€ ä¸­å›½å¼ç›¸äº² å¦ˆå¦ˆå’ªå‘€ ç”Ÿæ´»æ”¹é€ å®¶
38,China News Service Net (eCNS),China,Chinese,China News Service (CNS),United Front Work Department,cnsvideo,UCpbfXQsYBJTwq5lCkwGIeuQ,https://www.youtube.com/@cnsvideo,192000,"ä¸­å›½æ–°é—»ç¤¾ï¼Œç®€ç§°â€œä¸­æ–°ç¤¾â€ï¼Œæ˜¯ä¸­å›½ä»¥å¯¹å¤–æŠ¥é“ä¸ºä¸»è¦æ–°é—»ä¸šåŠ¡çš„å›½å®¶é€šè®¯ç¤¾ï¼Œæ˜¯ä»¥æµ·å¤–åä¾¨åäººã€æ¸¯æ¾³åŒèƒã€å°æ¹¾åŒèƒå’Œä¸ä¸­å›½æœ‰å…³ç³»çš„å¤–å›½äººä¸ºä¸»è¦æœåŠ¡å¯¹è±¡çš„å›½é™…é€šè®¯ç¤¾ã€‚

ä¸­æ–°ç¤¾å»ºæœ‰å¤šæ¸ é“ã€å¤šå±‚æ¬¡ã€å¤šåŠŸèƒ½çš„æ–°é—»ä¿¡æ¯å‘å¸ƒä½“ç³»ï¼Œæ¯å¤©24å°æ—¶ä¸é—´æ–­å‘ä¸–ç•Œå„åœ°æ’­å‘æ–‡å­—ã€å›¾ç‰‡ã€è§†é¢‘ã€ç‰ˆé¢ã€å›¾è¡¨ã€ç½‘ç»œã€æ–°åª’ä½“ç­‰å„ç±»æ–°é—»ä¿¡æ¯äº§å“ï¼Œç”¨æˆ·éåŠäº”å¤§æ´²ä¸€ç™¾å¤šä¸ªå›½å®¶å’Œåœ°åŒºï¼Œå½¢æˆäº†æ¶µç›–æµ·å¤–ä¸»è¦åæ–‡åª’ä½“çš„å…¨åª’ä½“å®¢æˆ·ç½‘ç»œã€‚

China News Service (CNS) is not only a state-level news agency in China with spreading news worldwide as its main task, but also an international news agency with the compatriots from Taiwan, Hong Kong and Macao, overseas Chinese and related foreigners as its major subscribers.

CNS functions as: a state-level new agency spreading news worldwide, a database of information from global Chinese-language media, and an international news agency. It fulfills its responsibility through: traditional style of reports, including scripts, photos and special articles; new style of reports, mainly Internet, communication, videos, and SMS; content provision to overseas Chinese-language newspapers; and self-running newspapers and journals.
",2018-10-17T10:12:58Z,HK,"['Politics', 'Society']",110872667,201000,25603,ä¸­åœ‹ æ–°è è¦–é » çªç™¼ å°ç£ æ–°ç–† è¥¿è—
39,Chinese Embassy in Brazil,Brazil,Portuguese,Ministry of Foreign Affairs,Ministry of Foreign Affairs,EmbaixadadaChinanoBrasil,UCNU0bcWx6pq91sjrAR5vwEw,https://www.youtube.com/@EmbaixadadaChinanoBrasil,8510,"Canal oficial da Embaixada da RepÃºblica Popular da China na RepÃºblica Federativa do Brasil. Fique sabendo o que acontece na China, conheÃ§a mais sobre a cultura chinesa e nÃ£o perca nenhuma novidade sobre a #EmbaixadadaChinanoBrasil.",2019-10-02T13:48:21Z,BR,['Lifestyle'],2336572,8860,298,"Embaixada ChinÃªs China Chinesa Zhongguo ""festival da china"" ""festival da china 2020"" #festivaldachina ""concerto china brasil"" ""concerto china"" ""concerto sino brasileiro"""
40,Wang Xin (Fayhaa Wang),Egypt,Arabic,China Media Group (CMG),Central Publicity Department,fayhaachina8389,UCm5bAGwFH0aW8vLclAAk8kg,https://www.youtube.com/channel/UCm5bAGwFH0aW8vLclAAk8kg,47400,"ÙØªØ§Ø© ØµÙŠÙ†ÙŠØ© ÙƒØ§Ù†Øª ØªØ¹ÙŠØ´ ÙÙŠ Ù…ØµØ± Ù„Ø£ÙƒØ«Ø± Ù…Ù† Ø«Ù„Ø§Ø« Ø³Ù†ÙˆØ§Øª ÙˆØªØ­Ø¨ ØªØ¹Ù„ÙŠÙ… Ø§Ù„Ù„ØºØ© Ø§Ù„ØµÙŠÙ†ÙŠØ© Ø¨Ø§Ù„Ù„ØºØ© Ø§Ù„Ø¹Ø±Ø¨ÙŠØ©
Ø¥Ø°Ø§ Ù„Ø¯ÙŠÙƒ Ø§ÙŠ Ø³Ø¤Ø§Ù„ Ø¹Ù† Ø§Ù„ØµÙŠÙ† ÙˆØ§Ù„Ù„ØºØ© Ø§Ù„ØµÙŠÙ†ÙŠØ©ØŒ Ø¨Ù„Ø§ ØªØ±Ø¯Ø¯ØŒ ÙˆØ§Ø³Ø£Ù„Ù†ÙŠØŒ Ø£Ø±Ø­Ø¨ Ø¨Ùƒ ÙÙŠ ÙƒÙ„ Ø§Ù„Ø£ÙˆÙ‚Ø§Øª...
",2019-09-08T09:19:34Z,EG,['Lifestyle'],2965054,51900,144,
41,Yin Yue (Gabriel Y. Yin),China,Chinese,China Media Group (CMG),Central Publicity Department,gabrielyin9245,UC_fM2ktnNVXDPrXuw2OW9vA,https://www.youtube.com/channel/UC_fM2ktnNVXDPrXuw2OW9vA,15,"Gabriel Yin Yue is a Chinese national and a global thinker, and he is putting good use to that by working as a correspondent in Brazil for China's largest TV - China Central Television CCTV. 

Mr. Yin has covered major events of the hemisphere such as the diplomatic normalization between US and Cuba, Brazilian Impeachment in 2016, historical visits of US president Obama and secretary of state John Kerry to Cuba, Brazilian Olympic Games in 2016, Summit of the Americas in Panama and Peru, BRICS summits, APEC meetings, G20 meetings, among many others. 

Fluent in Mandarin, English, Portugese, Spanish and French in progress, Mr. Yin has interviewed government officials such as Brazilian and Peruvian presidents and ministers, as well as head of international organizations such as IMF's managing director Christian Lagarde and department directors. 

Mr. Yin graduated from Communication University of China with bachelor degree of Portuguese language and literature, and has further advanced hi",2014-08-16T11:11:44Z,,"['Football', 'Politics', 'Sports', 'Society']",649,17,10,
42,CGTN Global Watch,Anglosphere,English,China Media Group (CMG),Central Publicity Department,cgtnglobalwatch,UCfv35fnCnT_h2HEaTFnn4Ng,https://www.youtube.com/@cgtnglobalwatch,4920,"Global Watch takes you around the world at 0400 GMT everyday on CGTN, bringing the latest top stories and getting to the heart of breaking news.",2020-12-27T00:17:31.816433Z,US,"['Society', 'Politics']",802318,5030,4689,
43,Guyan Muchan,China,Chinese,Guangdong Provincial Cyberspace Administration,Office of the Cybersecurity and Information Technology Committee of the Guangdong Provincial Committee,guyanmuchan01,UClc6ozVhg3gJW8mJx0DnOAQ,https://www.youtube.com/channel/UClc6ozVhg3gJW8mJx0DnOAQ,29300,"ç«‹è¶³ä¸­å›½è§†é‡ï¼Œè§£è¯»å¤©ä¸‹è¦é—»

ä¸æœ‰è‚èƒ†äººå…±äº‹ï¼Œä»æ— å­—å¥å¤„è¯»ä¹¦

å“ç”œé…¸è‹¦è¾£ç™¾å‘³ï¼Œåšå¬‰ç¬‘æ€’éª‚æ–‡ç« 
",2020-12-16T03:11:01.274002Z,HK,"['Politics', 'Society']",4832311,30200,1046,
44,Hu Xijin,Anglosphere,English,People's Daily Press,Central Committee of the Chinese Communist Party,globaltimeshuxijin3816,UCVD-MGxD71IQUk9_hHq8MdA,https://www.youtube.com/@globaltimeshuxijin3816,81000,"ç›´å‡»çƒ­ç‚¹ï¼Œç‹¬ç«‹è§‚å¯Ÿï¼Œå®äº‹æ±‚æ˜¯ï¼Œä¸é¿åˆ†æ­§ã€‚
Pinpoint the Fact, Agree to Disagree.",2020-04-18T10:43:47.759652Z,US,"['Politics', 'Society']",11514642,81000,723,
45,iChongqing,Chongqing,English,Chongqing International Communication Center,Chongqing Municipal Committee,iChongqing,UCtlTe5QSiSvn-h96fOeevuQ,https://www.youtube.com/@iChongqing,26900,"Chongqing International Communication Center (for Culture and Tourism) 
Get to know the secret metropolis of China. Have a taste of the spicy life in the east.",2018-07-26T02:24:07Z,SG,,3207174,28200,1705,"China Vlog Travel Adventure Aventure ""Travel Vlog"" ""Harold Baldr"" TimK ""china vlog"" china shenzhen ""hong kong"" chongqing ""parker walbeck"" ""peter mckinnon"" news business tourism culture ""travel guide"""
46,Zhang Qitong (QiTong Channel / Ğ¦Ğ¸Ñ‚ÑƒĞ½ Ğ§Ğ¶Ğ°Ğ½),Russia,Russian,China Media Group (CMG),Central Publicity Department,StudioQitong,UChsAYkFPkqSFH1t--JIEzBw,https://www.youtube.com/channel/UChsAYkFPkqSFH1t--JIEzBw,685,,2020-11-20T06:20:22.210419Z,,['Lifestyle'],32954,798,67,
47,iPanda,Anglosphere,English,China Media Group (CMG),Central Publicity Department,iPandaChannel,UCtEgLf0_j1vJLz0aNEdO2SQ,https://www.youtube.com/channel/UCtEgLf0_j1vJLz0aNEdO2SQ,2180000,"A panda a day, keeps the sorrow away. 

iPanda is a multi-media platform themed on Chinaâ€™s national treasureâ€“giant panda. Internet users worldwide can access massive panda videos on our YouTube Channel. 

We aim to unfold the details in the breeding and conservation of giant pandas and other rare wildlife species, and raise awareness to audience around the world about biodiversity protection.

Now we have 24/7 nonstop live streams from both the China Conservation and Research Centre for the Giant Panda (CCRCGP) and the Chengdu Research Base of Giant Panda Breeding. 

â–  CHECK OUT AND SUBSCRIBE TO OUR CHANNELS â– 
iPanda(English): https://www.youtube.com/@iPandaChannel
iPandaç†Šè²“é »é“(Chinese): https://www.youtube.com/@ipandacom
iPanda ãƒ‘ãƒ³ãƒ€æ¥½åœ’(Japanese): https://www.youtube.com/@iPandaJapan
",2013-04-27T11:21:39Z,CN,"['Entertainment', 'Lifestyle']",497192568,2490000,10079,panda ipanda pandabear babypanda pandalive pandacub cutepanda ç†ŠçŒ« ç†ŠçŒ«å®å® ç†ŠçŒ«å›¢å›¢ ç†ŠçŒ«å®¶æ— ç†ŠçŒ«å‡ºç”Ÿ ç†ŠçŒ«ä¼ å¥‡ å¤§ç†ŠçŒ« å¤§ç†ŠçŒ«å®å® ç†ŠçŒ«åŠŸå¤« ç†ŠçŒ«åŸºåœ° ç†ŠçŒ«é¢‘é“ ç†ŠçŒ«panda ç†ŠçŒ«å›¢ ç†ŠçŒ«å…„å¼Ÿ ç†ŠçŒ«å¹¼å´½ ç†ŠçŒ«æ¸¸æ³³ ç†ŠçŒ«ç»„åˆ PandaOriginal PandaYoutube PandaZoo PandaLive PandaTv PandaHour PandaIntro KidPanda GiantPanda
48,Insight Xiangshan,Anglosphere,English,Zhejiang Media Group (ZMG),Zhejiang Provincial People's Government,insightxiangshan2141,UC5vA6xRstJeUx20Z8sLZgPA,https://www.youtube.com/channel/UC5vA6xRstJeUx20Z8sLZgPA,273,,2021-10-20T02:35:14.624189Z,,"['Lifestyle', 'Sports', 'Society']",153100,276,551,
49,Zang Shijie (Jessica Zang),Anglosphere,English,China Media Group (CMG),Central Publicity Department,jessicastreettv1461,UCA2bO1B91Z7UyyzIucQrtBw,https://www.youtube.com/@jessicastreettv1461,967,,2022-09-02T07:36:34.158056Z,US,"['Society', 'Lifestyle']",117433,990,76,China Chinese interview streetinterview Beijing
50,Han Yingya (Lena Han / LenaStudio),la Francophonie,French,China Media Group (CMG),Central Publicity Department,hanyingya,UCQXf7_PL3RzEcv3wUd2myRw,https://www.youtube.com/channel/UCQXf7_PL3RzEcv3wUd2myRw,51,"Hello there! My name is Lena. I used to study journalism in France and Canada, and later returned to work in China. I am full of curiosity about the world, love Chinese culture, and I hope to share with you the beauty of places I love to explore. In my little space, you will see some of my China travel vlogs and videos introducing traditional Chinese culture. Have fun and thanks for watching!",2010-10-08T20:05:15Z,CN,"['Society', 'Lifestyle']",4484,52,60,China media chine
51,Jie Lynn (Lynn's Fantasy),la Francophonie,French,China Media Group (CMG),Central Publicity Department,lynnsfantasy749,UCkPsSHk5N5xkbisW2GcGpjg,https://www.youtube.com/channel/UCkPsSHk5N5xkbisW2GcGpjg,68,"
Hello les amis :) Bienvenue dans ma chaÃ®ne ! 
Je suis Lynn, une voyageuse francophone en Chine 
qui aime la cuisine du monde â¤ï¸

Dans ma chaÃ®ne LynnsFantasy,
je vous prÃ©sente des vidÃ©os sur :

â€ voyage en Chine
â™¨ï¸ spÃ©cialitÃ©s rÃ©gionales en Chine
â¤ï¸ lifestyle d'une chinoise

Abonnez-moi vite Ã  ma chaÃ®ne â™¡
et rejoignez-moi Ã©galement sur : 
Facebook â€£ Lynn's Fantasy
Instagram â€£ lynns_fantasy
Twitter â€£ @LYNNJie3

",2020-07-07T07:01:13.339676Z,FR,,1917,69,18,
52,Martina Fuchs,Anglosphere,English,Xinhua News Agency,State Council,martinasworld-4404,UC-qT3mwWlvhMLTUrbCSEilA ,https://www.youtube.com/channel/UC-qT3mwWlvhMLTUrbCSEilA,7540,"Welcome to my world! ğŸŒ

Hosted in English and Chinese by media personality, business journalist and global citizen Martina Fuchs, this channel brings you exclusive interviews with the planetâ€™s top newsmakers, CEOs and KOLs who push boundaries and create real change.

Join me, the polyglot who speaks 9 languages, on my quest to drive global, sustainable impact and connect people from finance to entertainment, entrepreneurship to climate change.

æ¬¢è¿æ¥åˆ°æˆ‘çš„ä¸–ç•Œ! ğŸŒ
æ­¤é¢‘é“ç”±åª’ä½“äººã€å•†ä¸šè®°è€…å’Œå…¨çƒå…¬æ°‘ï¼šMartina Fuchsä»¥ä¸­è‹±åŒè¯­ä¸»æŒï¼Œä¸ºæ‚¨å¸¦æ¥å…¨çƒé¡¶çº§æ–°é—»äººç‰©ã€CEOå’ŒKOLçš„ç‹¬å®¶é‡‡è®¿ï¼Œä»–ä»¬ä¸æ–­çªç ´ï¼Œä¸ºä¸–ç•Œå¸¦æ¥çœŸæ­£çš„æ”¹å˜ã€‚
ä½œä¸ºä¼šè¯´9ç§è¯­è¨€çš„å¤šå›½è¯­è¨€è€…ï¼Œæˆ‘é‚€å¤§å®¶ä¸æˆ‘ä¸€èµ·åŠªåŠ›ï¼Œä»é‡‘èä¸šåˆ°å¨±ä¹ä¸šã€ä»ä¼ä¸šå‘å±•åˆ°æ°”å€™å˜åŒ–ç­‰å„æ–¹é¢ï¼Œä¸€èµ·å¡‘é€ å…¨çƒåŒ–å’Œå¯æŒç»­çš„å½±å“åŠ›ï¼Œå¹¶å°†äººä»¬ç´§å¯†è”ç³»èµ·æ¥ã€‚
",2020-12-22T19:18:32.677367Z,CH,,109533,7920,70,
53,China Daily (Media Unlocked),Anglosphere,English,China Daily Press,Central Publicity Department,ChinaUnlocked,UCBLK7a-BFJ3mNRPRS28JIpg,https://www.youtube.com/@ChinaUnlocked,716,"We start this YouTube channel because we believe China story is different, but it does not mean China is to be feared, hated, or misunderstood. China is a country with thousands of years of history and its own political, economic, social and cultural traditions. It is easy to see China only through the West propagated lens like authoritarian, lack of freedom, but the perspective is profoundly limited, biased, and does not help build a peaceful world where the West-China relations is playing an increasingly important role. 

Find us on Twitter: https://twitter.com/MediaUnlock



",2022-01-20T01:57:27.05905Z,,"['Society', 'Politics']",67644,786,86,
54,Zhang Lin (Melody Zhang),Anglosphere,English,China Media Group (CMG),Central Publicity Department,melodyzhang1527,UCXwI96S16XbY0-DC8tZ9TqQ ,https://www.youtube.com/channel/UCXwI96S16XbY0-DC8tZ9TqQ/featured,6,,2017-03-28T21:59:03Z,,"['Society', 'Lifestyle', 'Knowledge']",794,6,11,
55,Foreign Ministry Spokesperson,Anglosphere,English,Ministry of Foreign Affairs,Ministry of Foreign Affairs,spokespersonchn2231,UCZflnMvKRR0P_7jV9cYbxbg,https://www.youtube.com/@spokespersonchn2231,7360,,2020-02-17T05:46:41.698742Z,CN,"['Society', 'Politics']",281103,7370,1609,
56,Miao Xiaojuan,Anglosphere,English,Xinhua News Agency,State Council,miaoxiaojuan,UCpcvpAnmYVzAbMO7m-K02cg,https://www.youtube.com/channel/UCpcvpAnmYVzAbMO7m-K02cg,1030,Call me Miao (like a cat). I am a journalist in China. Been to 30 countries. Always up for new places & challenges.,2013-04-08T11:46:08Z,CN,"['Society', 'Politics']",45028,1140,111,"""China Chat"""
57,Zhou Yiqiu (Rachel Zhou / Miss Wow),Anglosphere,English,China Media Group (CMG),Central Publicity Department,misswowtech5751,UCOq-ckJU3y2lCSwuVPaKc_A,https://www.youtube.com/channel/UCOq-ckJU3y2lCSwuVPaKc_A,2470,"ğŸš€Tech & Business Journalist in China 
ğŸ”¥ 1.3M Followers on Facebook 
ğŸ¤–ï¸ Subscribe so you DONT miss Tech Money Chances & Latest Tech Insights
âœˆï¸ Coolest Military Tech Short Videos for you 
twitterï¼šhttps://twitter.com/MissWow66
https://www.facebook.com/MissWow666â€‹
https://www.instagram.com/miss_wow66/",2020-11-19T07:38:12.342439Z,US,"['Vehicles', 'Lifestyle', 'Society']",176482,2520,135,Technology Digital China military
58,Waruni JZ,Sri Lanka,Sinhalese,China Media Group (CMG),Central Publicity Department,warunijz,UCacK4u9PiK5NRwcDWnwXscA,https://www.youtube.com/@warunijz,36,Don't Forget To Subscribe ğŸ˜Š,2023-02-17T08:28:47.629851Z,LK,['Entertainment'],593,37,3,"""waruni jz"""
59,Zhang Meng (Monica Zhang),Anglosphere,English,China Media Group (CMG),Central Publicity Department,monicazhang6629,UCzuOYmSQvp4RbSzEXznML9g,https://www.youtube.com/channel/UCzuOYmSQvp4RbSzEXznML9g,23,,2020-09-01T04:40:10.892016Z,,"['Movies', 'Lifestyle', 'Entertainment']",3117,23,32,
60,Modern Express Post,Jiangsu,English,Phoenix Media Investment (Holdings) Limited,Bauhinia Culture Holdings Limited,modernexpressen,UCF1qqgliEvuRZ7Jb6liBWEw,https://www.youtube.com/channel/UCF1qqgliEvuRZ7Jb6liBWEw,227,,2022-02-23T07:16:17.19917Z,,"['Lifestyle', 'Society']",112685,244,422,
61,Muyi Dima (Ù…ÙˆÙŠÙŠ),MENA,Arabic,China Media Group (CMG),Central Publicity Department,user-vd9qh4ke9t,UCiTkn6HPpDEtO71seE-SBLQ,https://www.youtube.com/channel/UCiTkn6HPpDEtO71seE-SBLQ,488,,2016-11-06T12:30:53Z,,"['Society', 'Lifestyle']",18549,586,51,
62,Wang Yingying (A-Chan / Aã¡ã‚ƒã‚“),Japan,Japanese,China Media Group (CMG),Central Publicity Department,achinanow9185,UC6c2s2JjmWkb9azv9zc-dJg,https://www.youtube.com/channel/UC6c2s2JjmWkb9azv9zc-dJg,1100,"ã“ã‚“ã«ã¡ã¯ã€ä¸­å›½åœ¨ä½ã®Aã¡ã‚ƒã‚“ã§ã™ã€‚
ä¸­å›½ã®æ–‡åŒ–ã‚„ç”Ÿæ´»ãªã©ã€è‰²ã€…ãªäº‹ã‚’çš†ã•ã‚“ã«ã‚·ã‚§ã‚¢ã—ãŸã„ã§ã™ï¼
ã‚‚ã—ã‚‚ä¸­å›½ã«èˆˆå‘³ãŒã‚ã‚‹ãªã‚‰ã€ãœã²ã”è¦§ã«ãªã£ã¦ãã ã•ã„ã€‚
ãã‚Œã‹ã‚‰ã€å‹•ç”»ãŒæ°—ã«å…¥ã£ãŸã‚‰ãƒãƒ£ãƒ³ãƒãƒ«ç™»éŒ²ã‚‚ãŠé¡˜ã„ã—ã¾ã™ã€‚
ğŸ‘‰https://is.gd/CWiiEO
é«˜è©•ä¾¡ã€å…±æœ‰ã€ã‚³ãƒ¡ãƒ³ãƒˆã‚‚ãŠå¾…ã¡ã—ã¦ã¾ã™ã€‚è°¢è°¢ï½ï¼
",2020-02-29T15:14:12.8488Z,,,134452,1540,270,Aã¡ã‚ƒã‚“ã®ChinaNow ä¸­å›½ China ä¸­å›½æ–‡åŒ– æ—¥æœ¬
63,Patrick Zheng,Anglosphere,English,Xinhua News Agency,State Council,PatrickZhengCHN,UC6joTtCUTu3OIkfGW9oIgrQ,https://www.youtube.com/@PatrickZhengCHN,19,"Hello everyone, I am Patrick Zheng from China. Nice to see you guys here on YouTube. I will share my life in China and views on world with you guys. 
Find me on Twitter & Facebook: @PatrickPoint007.",2012-06-17T12:56:31Z,GB,"['Society', 'Politics']",2350,25,24,
64,People's Daily,China,Chinese,People's Daily Press,Central Committee of the Chinese Communist Party,PeoplesDaily,UCK9rVTxGzOcWUR0ll18EVag,https://www.youtube.com/@PeoplesDaily,410000,"People's Daily -- one of the world's top ten newspapers. With More than 1,000 journalists from over 70 stations spreading around the world and 500-plus cooperative media, People's Daily Online is an important channel for overseas readers to know China on the Internet.",2012-10-02T15:56:09Z,CN,['Lifestyle'],292789966,410000,10637,China News
65,People's Daily Online Australia,Australia,English,People's Daily Press,Central Committee of the Chinese Communist Party,pdoaus2013,UCpdXncs1-vys1ORWFVKbx0g,https://www.youtube.com/@pdoaus2013,159000,Youtube Channel of People's Daily Online Australia,2013-08-20T06:00:12Z,AU,"['Lifestyle', 'Society']",4196107,158000,738,"""People's Daily Online"" äººæ°‘ç½‘ äººæ°‘ç½‘æ¾³å¤§åˆ©äºš ""People's Daily Online Australia"""
66,Phoenix TV News,Anglosphere,English,Phoenix Media Investment (Holdings) Limited,Bauhinia Culture Holdings Limited,phoenixtvnews7060,UC4vnLYInDvXtLKGOZieMeMw,https://www.youtube.com/@phoenixtvnews7060,34600,"é–‹å…¨çƒè¦–é‡ï¼Œæ‹“çŸ¥è­˜é‚Šç•Œï¼Œå¤§äº‹çœ‹é³³å‡°ã€‚
é³³å‡°è¡›è¦–åœ¨å…¨çƒæœ‰62å€‹è¨˜è€…ç«™ï¼Œç‚ºæ‚¨å¸¶ä¾†æœ€æ–°ã€æœ€ç†±ã€æœ€é®®æ´»çš„ä¸€æ‰‹è³‡è¨ŠåŠç›´æ’­ã€‚
Open global horizon, broaden knowledge boundary, follow PhoenixTV News. Phoenix TV has 62 reporter stations around the world, bringing you the latest, hottest and freshest first-hand news and live broadcasts. News that matters. 
æ›´å¤šè³‡è¨Šå¹³å°ï¼Œæ•¬è«‹é—œæ³¨ï¼š
Twitterï¼šPhoenixTV_News
Facebookï¼š@é³³å‡°è³‡è¨ŠPhoenixtvNews
Instagramï¼š @phoenixtv_news

",2022-05-30T01:27:53.759597Z,HK,"['Politics', 'Society']",8273541,34800,5529,
67,Chen Qingqing,Anglosphere,English,People's Daily Press,Central Committee of the Chinese Communist Party,qingqingparis,UC0qDcGJRzltosCTimkLRosw,https://www.youtube.com/user/qingqingparis,15,æ–°èè‡ªç”±å¾ä¾†éƒ½ä¸æ˜¯ä¸€å¥å£è™Ÿã€‚æ˜¯æ‰€æœ‰åª’é«”äººç‚ºä¹‹å¥®é¬¥çš„æ–¹å‘ã€‚Vive la libertÃ© la presse.,2011-07-27T11:54:27Z,,"['Society', 'Politics']",2603,14,36,"Journalisme Chine ""Dialogue franco-chinois"" mÃ©dias ""libertÃ© de presse"" ""CommunautÃ© chinoise"" rÃ©flexion ""reportage chinois"""
68,Guancha Syndicate,China,Chinese,"Shanghai Guanchazhe Information Technology Co.,Ltd",Shanghai Academy of Social Sciences (SASS),guancha021,UCJncdiH3BQUBgCroBmhsUhQ,https://www.youtube.com/@guancha021,491000,"è§‚å¯Ÿè€…ç½‘å®˜æ–¹é¢‘é“ã€‚
è§‚å¯Ÿè€…ç½‘ï¼ˆwww.guancha.cnï¼‰æºæ‰‹ä¸Šæµ·æ˜¥ç§‹å‘å±•æˆ˜ç•¥ç ”ç©¶é™¢ï¼Œæ—¨åœ¨ä¸ºå…¨çƒåäººè¯»è€…æä¾›é›†æ–°é²œã€çƒ­ç‚¹ã€æ·±åº¦ã€è¶£å‘³äºä¸€ä½“çš„æ—¶æ”¿èµ„è®¯ï¼Œè‡´åŠ›äºæˆä¸ºå…¨çƒåäººä¹‹é—´æ™ºæ…§çš„é›†ç²¹ä¹‹æ‰€ï¼Œä¹Ÿæ˜¯ä¸­è¥¿æ–‡æ˜ã€æ–‡åŒ–äº¤æµçš„å¹³å°ã€‚è§†é¢‘åˆä½œè¯·è”ç³» shipin@guancha.cn    åŠ å…¥æˆ‘ä»¬è¯·æŠ•é€’ç®€å†è‡³hr@guancha.cn",2017-01-04T00:46:20Z,HK,"['Society', 'Politics']",249091780,534000,4399,è§‚å¯Ÿè€…ç½‘
69,Hu Jianlin (Shalevetya / ×©×œ×”×‘×ª×™×”),Israel,Hebrew,China Media Group (CMG),Central Publicity Department,shalevetyah3479,UCJgbxFG84oYqUV3aJdFs6Qw,https://www.youtube.com/channel/UCJgbxFG84oYqUV3aJdFs6Qw,31,"×¢Ö·×–Ö¼Ö¸×” ×›Ö·×Ö¼Ö¸×•Ö¶×ª ×Ö·×”Ö²×‘Ö¸×”
×§Ö¸×©×Ö¸×” ×›Ö´×©×Ö°××•Ö¹×œ ×§Ö´× Ö°×Ö¸×”
×¨Ö°×©×Ö¸×¤Ö¶×™×”Ö¸ ×¨Ö´×©×Ö°×¤Ö¼Öµ×™ ×Öµ×©×
×Öµ×©× ×©×Ö·×œÖ°×”Ö¶×‘Ö¶×ªÖ°×™Ö¸×”",2019-05-22T12:50:41Z,,,626,31,18,
70,Shanghai Daily SHINE,Shanghai,English,Shanghai United Media Group (SUMG),Shanghai Municipal Committee,ShanghaiDaily1999,UCUX6sby7ozwTTfd7fyEUk2w,https://www.youtube.com/channel/UCUX6sby7ozwTTfd7fyEUk2w,11900,"Shanghai Daily brings fresh stories from Shanghai and all around China to the world. Our videos cover people, culture, art, food, travel and more. If you're interested in Shanghai, China, and even the world, Shanghai Daily will keep you informed and entertained.

Please consider subscribing, and don't forget to hit the little bell to receive notifications â€” we upload new stories from Shanghai and China regularly.

Follow Shanghai Daily on Facebook: https://www.facebook.com/ShanghaiDaily1999
Twitter: https://twitter.com/shanghaidaily
Instagram: shine_news",2013-04-26T12:30:21Z,HK,"['Lifestyle', 'Society']",7007864,11900,1569,"Shanghai ""Shanghai Daily"" China"
71,Shanghai Eye,Shanghai,English,Shanghai Media Group (SMG),Shanghai Municipal Committee,ShanghaiEyeMagic,UCaxIsKnhxr6bfaJFQc67-rg,https://www.youtube.com/c/kankanewsbilingual,164000,"BRINGING STORIES TO LIFE, ShanghaiEye is a multi-platform media brand focusing on high-quality videos
",2012-09-11T08:56:21Z,CN,"['Politics', 'Society']",91106213,171000,15254,"ShanghaiEye Shanghai China ""Dragon TV"" ä¸Šæµ· ä¸­å›½ ä¸œæ–¹å«è§† SMG ""Shanghai Media Group"" ""Shanghai TV"" ä¸Šæµ·ç”µè§†å° é­”éƒ½çœ¼ é­”éƒ½"
72,Zhang Shanhui (Mon PÃ©kin Express / Jacky Zhang),la Francophonie,French,China Media Group (CMG),Central Publicity Department,ZhangShanhui,UCzQFHzt6jBHOcHbFlxa83oQ,https://www.youtube.com/channel/UCzQFHzt6jBHOcHbFlxa83oQ,44,PrÃ©sentatrice et journaliste de CGTN ,2015-09-28T20:37:16Z,,"['Politics', 'Society']",2650,45,40,
73,Shen Shiwei,Anglosphere,English,China Media Group (CMG),Central Publicity Department,Shen_Shiwei,UC0qIAejjPz8cCyuFdfCwf2Q,https://www.youtube.com/channel/UC0qIAejjPz8cCyuFdfCwf2Q,121,"A Chinese reporter showing China and the world through my lens.
",2020-07-13T09:33:59.612741Z,,['Society'],24490,125,67,
74,Kankan News,Shanghai,Chinese,Shanghai Media Group (SMG),Shanghai Municipal Committee,SMGKnews,UC3R12t6KHGtTTC6y0eQeR4w,https://www.youtube.com/@SMGKnews,6410,"ç‚¹å‡»è®¢é˜…ï¼Œä¸€é”®è·å–æœ€æ–°é²œçš„æ–°é—»èµ„è®¯

ã€ç®€ä»‹ã€‘çœ‹çœ‹æ–°é—»Knewsæ˜¯ä¸Šæµ·å¹¿æ’­ç”µè§†å°æœ€æ ¸å¿ƒçš„æ–°é—»æ–°åª’ä½“äº§å“ä¹‹ä¸€ï¼Œæ˜¯å›½å†…é‡è¦æ–°é—»èµ„è®¯å¹³å°ã€æœ€æƒå¨çš„è§†é¢‘å†…å®¹æ¥æºä¹‹ä¸€ã€‚

â˜† æœ€ç«çˆ†çš„åè¯­ç»¼è‰º - è®¢é˜…ä¸­å›½ä¸œæ–¹å«è§†å®˜æ–¹é¢‘é“: https://bit.ly/SMGDragonTV
â˜… æœ€çˆ†ç¬‘çš„å–œå‰§ç‹ç‰Œ - è®¢é˜…SMGä¸Šæµ·ä¸œæ–¹å«è§†æ¬¢ä¹é¢‘é“: https://bit.ly/30Dv1PW
â˜† æœ€ç²¾å½©çš„åè¯­å‰§é›† - è®¢é˜…SMGç”µè§†å‰§é¢‘é“: http://bit.ly/SMGdrama
â˜…æœ€åŠ¨å¬çš„åè¯­éŸ³ä¹ - è®¢é˜…SMGä¸Šæµ·ä¸œæ–¹å«è§†éŸ³ä¹é¢‘é“: http://bit.ly/33lUKNA
â˜†æœ€æ ¸å¿ƒçš„SMGæ–°é—»é¢‘é“ - è®¢é˜…çœ‹çœ‹æ–°é—»Knews: https://bit.ly/SMGKnews
â˜…æœ€å‰æ²¿çš„ä¸Šæµ·åœ°é¢ä¸»é¢‘é“ - è®¢é˜…STVç»¼åˆé¢‘é“ï¼šhttps://bit.ly/smgstv

ã€æ¬¢è¿åŠ å…¥ä¸Šæµ·ä¸œæ–¹å«è§†ç¤¾äº¤é¡µé¢å‚ä¸äº’åŠ¨è®¨è®ºã€‘
â˜†Facebookï¼šhttps://www.facebook.com/smgdragontv
â˜†æé™æŒ‘æˆ˜FBï¼šhttps://www.facebook.com/SMGGoFighting


ã€SMGä¸Šæµ·ç”µè§†å°å®˜æ–¹é¢‘é“ - æ¢¦æƒ³çš„åŠ›é‡ ä½ æˆ‘åŒåœ¨ã€‘
çœ‹çœ‹æ–°é—»ç½‘æ˜¯ä¸Šæµ·ä¸œæ–¹ä¼ åª’é›†å›¢æœ‰é™å…¬å¸ï¼ˆSMGï¼‰ä¸Šæµ·å¹¿æ’­ç”µè§†å°Â­æ——ä¸‹çš„ç½‘ç»œæ–°é—»åª’ä½“Â­ï¼Œæ˜¯ä¸­å›½ä¸“ä¸šçš„è§†é¢‘æ–°é—»ç½‘ç«™ï¼Œæä¾›æœ€æ–°æœ€çƒ­Â­çš„-è§†é¢‘æ–°é—»åœ¨çº¿æ’­æ”¾ï¼Œ24å°æ—¶è§†é¢‘ç›´æ’­Â­åŠæµ·é‡è§†é¢‘æ–°é—»æœç´¢ã€‚æˆ‘ä»¬çš„YouTubeé¢‘é“æ±‡é›†SMG(ä¸Šæµ·ä¸œæ–¹ä¼ åª’é›†å›¢æœ‰é™å…¬Â­å¸Â­)æ——ä¸‹ç”µè§†é¢‘é“çš„å†…å®¹ï¼ŒåŒ…æ‹¬ä¸œæ–¹å«è§†çš„ï¼šæé™æŒ‘æˆ˜ã€æ¬¢ä¹å–œå‰§äººã€ç¬‘å‚²æ±Ÿæ¹–ã€èŠ±æ ·å§å§ã€ä¸­å›½è¾¾äººç§€ç­‰ç­‰ã€‚åŒæ—¶ï¼Œæˆ‘ä»¬çš„ä¸€çº¿è®°è€…ä¹Ÿä¼šé‡‡é›†å¨±ä¹ã€æ°‘ç”Ÿç­‰æ›´å¤šÂ­å¥½ç©çš„è§†é¢‘åˆ†äº«ç»™å¤§Â­å®¶ã€‚æ‰€æœ‰æœ€æ–°æœ€çƒ­é—¨çš„åè¯­è§†é¢‘ï¼Œå°½åœ¨çœ‹çœ‹æ–°Â­é—»ç½‘å®˜æ–¹é¢‘é“ï¼

",2023-05-23T06:12:57.140046Z,HK,"['Politics', 'Society']",8141221,8220,1544,SMG SMGKnews çœ‹çœ‹æ–°é—» çœ‹çœ‹æ–°é—»Knew Knews ä¸Šæµ· Ukraine Russia USA China çƒå…‹è˜­ ä¿„ç¾…æ–¯ ç¾åœ‹ ä¸­åœ‹ ä¹Œå…‹å…° ä¿„ç½—æ–¯ ç¾å›½ ä¸­å›½
75,Ye Xinhua (Suad Ye),MENA,Arabic,China Media Group (CMG),Central Publicity Department,suadye,UCvvJaw3bwJhp4x0uUZ0qMfA,https://www.youtube.com/channel/UCvvJaw3bwJhp4x0uUZ0qMfA,4770,Ù…Ø±Ø­Ø¨Ø§ØŒ Ø£Ù†Ø§ Ø³Ø¹Ø§Ø¯ØŒ ØµÙŠÙ†ÙŠØ© ØŒ Ù„ÙƒÙ† Ù„Ø³Ø§Ù†ÙŠ Ø¹Ø±Ø¨ÙŠØŒ Ù…Ø±Ø­Ø¨Ø§ Ø¨ÙƒÙ… Ù„Ù…ØªØ§Ø¨Ø¹Ø© Ù‚Ù†Ø§ØªÙŠ ØŒ Ù„Ù„ØªØ¹Ø±Ù Ø¹Ù„Ù‰ Ø§Ù„ØµÙŠÙ† ÙˆØªØ¹Ù„Ù… Ø§Ù„Ù„ØºØ© Ø§Ù„ØµÙŠÙ†ÙŠØ©.,2019-07-12T01:05:43Z,CN,"['Society', 'Politics']",145916,4860,239,"Ø§Ù„ØµÙŠÙ† Ø³Ø¹Ø§Ø¯ Ø«Ù‚Ø§ÙØ© ""Ø§Ù„Ø£Ø·Ø¨Ø§Ù‚ Ø§Ù„ØµÙŠÙ†ÙŠØ©"" Ø­Ø¶Ø§Ø±Ø© ""Ø§Ù„Ù„ØºØ© Ø§Ù„Ø¹Ø±Ø¨ÙŠØ©"" ""Ø§Ù„Ø³ÙŠØ§Ø­Ø© ÙÙŠ Ø§Ù„ØµÙŠÙ†"" ""Ø§Ù„Ø«Ù‚Ø§ÙØ© Ø§Ù„ØµÙŠÙ†ÙŠØ©"" ""Ø§Ù„Ù…Ø³Ù„Ù…ÙˆÙ† Ø§Ù„ØµÙŠÙ†ÙŠÙˆÙ†"""
76,"Paper, The",Shanghai,Chinese,Shanghai United Media Group (SUMG),Shanghai Municipal Committee,ThePaper,UCzdgh34HFyN8v2k3ZZA5uNA,https://www.youtube.com/channel/UCzdgh34HFyN8v2k3ZZA5uNA,11500,"The Paper (Pengpai News æ¾æ¹ƒæ–°é—») is one of Chinaâ€™s leading digital media outlets, providing fast, original and in-depth news and opinion. Also on Twitter, Instagram, and Facebook!",2019-08-12T05:18:03Z,CN,"['Lifestyle', 'Society']",9149618,12200,8269,"news china ""current events"" politics media shanghai"
77,Guangdong Today,Guangdong,English,"Nanfang Daily Newspaper Group Co.,Ltd",Guangdong Provincial Committee,dtoday3687,UCiotL262En2-Iv2XSa3KZWA,https://www.youtube.com/channel/UCiotL262En2-Iv2XSa3KZWA,325,Follow us to discover interesting and diverse life in Guangdong Province of southern China.,2022-04-11T08:23:29.522208Z,,"['Society', 'Lifestyle']",101222,340,249,
79,Today Review,Hong Kong,Cantonese,AcMedia Limited,unknown,todayreview9720,UCnCSV5zHRrhCQVJBN905Zxg,https://www.youtube.com/channel/UCnCSV5zHRrhCQVJBN905Zxg,122,ä»Šæ—¥æ­£è¨€æ—¨åœ¨ç‚ºè®€è€…èšç„¦é›†æ·±åº¦ã€ç†±åº¦ã€éŸ»å‘³ã€è¶£å‘³æ–¼ä¸€é«”çš„æ™‚æ”¿è³‡è¨Šï¼Œæ‰“é€ é–‹æ”¾åŒ–ã€å¤šå…ƒåŒ–çš„ç”Ÿæ´»ã€‚,2021-11-03T02:30:50.185367Z,,"['Politics', 'Society']",9461,125,206,
80,Sun Xueying (Teresa Sun / Un TÃ© con Teresa),Hispanophone,Spanish,China Media Group (CMG),Central Publicity Department,UnTeconTeresa,UCARDxAeiEZxmnSSDTnpmjrA,https://www.youtube.com/channel/UCARDxAeiEZxmnSSDTnpmjrA,6730,TradiciÃ³n y novedades sobre China. ,2020-09-15T11:29:22.839293Z,,['Lifestyle'],539093,6870,202,
81,Li Yimei (Vica Li),Anglosphere,English,China Media Group (CMG),Central Publicity Department,vicachinese6048,UC9lI3GcZkJDgdZSeuR6rt5g,https://www.youtube.com/channel/UC9lI3GcZkJDgdZSeuR6rt5g,7290,"Learning Chinese, experiencing Chinese culture with Vica Li on YouTube! Updated every Wednesday and Friday. From 0 to infinite, you can come and visit China by all these words from my channel! 
Facebook page: https://www.facebook.com/Vica-Li-Page-111758147415007/
Twitter: https://twitter.com/VicaLi18
Instagram: learning_chinese_with_vica
",2013-11-06T04:14:35Z,US,"['Lifestyle', 'Entertainment']",770775,7400,408,
82,Visit Chongqing,Anglosphere,English,unknown,unknown,visitchongqing8720,UC5GE62Tm-OR0EM5YpcTT69g,https://www.youtube.com/@visitchongqing8720,133,,2018-10-09T08:58:55Z,,,727625,133,18,
83,Friendly Shandong,Shandong,English,Shandong Provincial Department of Culture and Tourism,Shandong Provincial People's Government,FriendlyShandong,UCoD5nR4qTNJllH_eEapcqIA,https://www.youtube.com/shandong/featured,4850,"Welcome to Friendly Shandong 

Shandong (å±±ä¸œ)is a coastal province of the People's Republic of China.Shandong has played a major role in Chinese history and served as a pivotal cultural and religious site for Taoism, Chinese Buddhism, and Confucianism. Visitors can experience much of what China has to offer, including attractions that will thrill even the most seasoned international traveler.Check our videos to learn more about Shandong!

Travel to our beaches. Experience our friendly culture. Discover adventure, golf, cuisine, nightlife, and so much more, here on the official ShandongTourism YouTube Channel.

Subscribe for video updates on events and activities across the province.
Visit www.travelshandong.com to book your dream Shandong trip.",2013-05-07T09:03:27Z,,,11291217,4850,100,"""shandong friendly shandong å±±æ± å¥½å®¢å±±æ± å¥½å®¢å±±ä¸œ å±±ä¸œ china travel"" ""china trip"""
84,Wave Media,Shanghai,English,"Shanghai Guanchazhe Information Technology Co.,Ltd",Shanghai Academy of Social Sciences (SASS),wavemedia4433,UCMSeeM3OMEbvEFVdM5_FM3Q,https://www.youtube.com/@wavemedia4433,51600,https://chinaacademy.substack.com/,2020-04-07T07:59:49.997707Z,US,"['Politics', 'Society']",2818813,53000,234,"Politics Freedom Democracy China USA ""Human Right"" News"
85,Where Zhengzhou,Anglosphere,English,Zhengzhou Media Group,Zhengzhou Municipal Party Committee,wherezhengzhou,UCucOZzXEsMxMf94wGft2Dtw,https://www.youtube.com/@wherezhengzhou,1470,"Discover the best of Zhengzhou, China ğŸ‡¨ğŸ‡³",2020-10-14T23:51:28.041501Z,,"['Lifestyle', 'Society']",208463,1480,533,
86,Wu Lei,Anglosphere,English,China Media Group (CMG),Central Publicity Department,wulei4039,UCh26le5_1NMmdj1vhfBF2cA,https://www.youtube.com/channel/UCh26le5_1NMmdj1vhfBF2cA,18,"A TV reporter based in Shanghai, covering major news in China.
Welcome to my channel.
",2014-10-09T15:04:29Z,,['Knowledge'],285,18,5,
87,Xinhua Japanese,Japan,Japanese,Xinhua News Agency,State Council,xinhuajapanese2180,UC_qcF_1LbUaRSkSyXi37YPQ,https://www.youtube.com/@xinhuajapanese2180,4450,"æ–°è¯ç¤¾ï¼ˆæ–°è¯ç¤¾é€šä¿¡ï¼‰ã¯ã€ä¸­å›½ã®å›½å–¶é€šä¿¡ç¤¾ã§ã‚ã‚Šã‚°ãƒ­ãƒ¼ãƒãƒ«ãªå½±éŸ¿åŠ›ã‚’æŒã¤ä¸–ç•Œçš„ãªé€šä¿¡ç¤¾ã§ã€ 1931å¹´ã«è¨­ç«‹ã€åŒ—äº¬ã«æœ¬ç¤¾ã‚’ç½®ã„ã¦ã„ã¾ã™ã€‚2019å¹´1æœˆã€IOC(International Olympic Committee)ã¯ã€APé€šä¿¡ã€ãƒ­ã‚¤ã‚¿ãƒ¼é€šä¿¡ã€AFPé€šä¿¡ã«ç¶šãã€ 4ç¤¾ç›®ã®å›½éš›é€šä¿¡ç¤¾ã«æ–°è¯ç¤¾ã‚’å…¬èªã—ã¾ã—ãŸã€‚æ–°è¯ç¤¾æ±äº¬æ”¯å±€ã¯1964å¹´ã«è¨­ç«‹ã•ã‚Œã€2018å¹´ã‹ã‚‰æ—¥æœ¬èªãƒ‹ãƒ¥ãƒ¼ã‚¹ã‚µãƒ¼ãƒ“ã‚¹ãŒå§‹ã¾ã‚Šã¾ã—ãŸã€‚
Xinhuaã€€Japaneseã¯æ”¿æ²»ã€çµŒæ¸ˆã€ç¤¾ä¼šã€ã‚¹ãƒãƒ¼ãƒ„ã€æ–‡åŒ–ãƒ»ä¼çµ±ã€è¦³å…‰ãƒ»éºç”£ã€è‡ªç„¶ã€ç§‘å­¦ãƒ»ITã«é–¢ã™ã‚‹ä¸­å›½ã®ã‚³ãƒ³ãƒ†ãƒ³ãƒ„ã ã‘ã§ãªãã€æ—¥æœ¬ã‚„æœé®®ãªã©å„å›½ã¨ã®äº¤æµã€ä¸–ç•Œã®ãƒ‹ãƒ¥ãƒ¼ã‚¹ã«é–¢ã™ã‚‹ãƒ“ãƒ‡ã‚ªã‚’æä¾›ã—ã¦ã„ã¾ã™ã€‚",2018-03-21T12:55:09Z,JP,['Lifestyle'],14681783,4550,9863,xinhua japanese china panda
88,Xinhua News Agency,China,Chinese,Xinhua News Agency,State Council,ChinaViewTV,UCHBDXQDmqnaqIEPdEapEFVQ,https://www.youtube.com/@ChinaViewTV,1390000,"We are public media for the public good. 
We never end our quest for facts and truth.
Objectivity. Fairness. Balance.
We don't pursue corporate interests, nor will we ever yield to the pressure of ideological stigmatization and political bias.

Find our official App on Apple App Store, Google Play Store or directly download at: http://xhtxs.cn/G99
",2012-05-17T01:50:22Z,CN,['Society'],988370631,1400000,65619,New China TV xinhua
89,Xinhua Africa,Kenya,English,Xinhua News Agency,State Council,xinhuaafrica2538,UCqxdbreA0Gcp5nEptRKUCsg,https://www.youtube.com/@xinhuaafrica2538,22,,2013-10-12T14:24:27Z,,"['Society', 'Health', 'Lifestyle', 'Politics']",4114,22,34,
90,Xinhua Myanmar (á€™á€¼á€”á€ºá€™á€¬),Myanmar,Burmese,Xinhua News Agency,State Council,Xinhuamyanmar,UCY0w4lNDjC-tQtk8CtSB6rQ,https://www.youtube.com/@Xinhuamyanmar,39600,"á€€á€»á€½á€”á€ºá€¯á€•á€ºá€á€­á€¯á€·á€á€Šá€º á€•á€¼á€Šá€ºá€á€°á€™á€»á€¬á€¸ á€€á€±á€¬á€„á€ºá€¸á€€á€»á€­á€¯á€¸á€¡á€á€½á€€á€º á€•á€¼á€Šá€ºá€á€°á€·á€™á€®á€’á€®á€šá€¬á€–á€¼á€…á€ºá€•á€«á€á€Šá€ºá‹ á€–á€¼á€…á€ºá€›á€•á€ºá€™á€¾á€”á€ºá€”á€¾á€„á€·á€º á€¡á€™á€¾á€”á€ºá€á€›á€¬á€¸á€¡á€á€½á€€á€º á€€á€»á€½á€”á€ºá€¯á€•á€ºá€á€­á€¯á€·á á€¡á€¬á€¸á€á€½á€”á€ºá€á€½á€”á€ºá€…á€­á€¯á€€á€º á€…á€°á€¸á€…á€™á€ºá€¸á€›á€¾á€¬á€–á€½á€±á€™á€¾á€¯á€€á€­á€¯ á€˜á€šá€ºá€á€±á€¬á€·á€™á€¾ á€¡á€†á€¯á€¶á€¸á€á€á€ºá€™á€Šá€ºá€™á€Ÿá€¯á€á€ºá€•á€«á‹ 
á€“á€™á€¹á€™á€“á€­á€‹á€¹á€Œá€¬á€”á€ºá€€á€»á€á€¼á€„á€ºá€¸á‹ á€á€›á€¬á€¸á€™á€»á€¾á€á€™á€¾á€¯á€›á€¾á€­á€á€¼á€„á€ºá€¸á‹ á€Šá€®á€™á€»á€¾á€™á€¾á€¯á€›á€¾á€­á€á€¼á€„á€ºá€¸á‹ á€€á€»á€½á€”á€ºá€¯á€•á€ºá€á€­á€¯á€·á€á€Šá€º á€…á€®á€¸á€•á€½á€¬á€¸á€›á€±á€¸á€†á€”á€ºá€á€±á€¬á€¡á€€á€»á€­á€¯á€¸á€¡á€™á€¼á€á€ºá€”á€±á€¬á€€á€ºá€€á€­á€¯ á€™á€œá€­á€¯á€€á€ºá€˜á€² á€á€½á€±á€¸á€á€±á€«á€ºá€šá€¯á€¶á€€á€¼á€Šá€ºá€™á€¾á€¯á€†á€­á€¯á€„á€ºá€›á€¬ á€•á€¼á€…á€ºá€á€„á€ºá€€á€²á€·á€›á€²á€·á€á€¼á€„á€ºá€¸á€”á€¾á€„á€·á€º á€”á€­á€¯á€„á€ºá€„á€¶á€›á€±á€¸á€˜á€€á€ºá€œá€­á€¯á€€á€ºá€™á€¾á€¯á€™á€»á€¬á€¸á á€–á€­á€¡á€¬á€¸á€€á€­á€¯á€œá€Šá€ºá€¸ á€¡á€›á€¾á€¯á€¶á€¸á€•á€±á€¸á€œá€­á€™á€·á€ºá€™á€Šá€º á€™á€Ÿá€¯á€á€ºá€•á€±á‹

á€†á€„á€ºá€Ÿá€½á€¬ á€á€á€„á€ºá€¸á€Œá€¬á€”á á€™á€¼á€”á€ºá€™á€¬á€˜á€¬á€á€¬ Online á€™á€®á€’á€®á€šá€¬ á€á€½á€„á€º á€†á€„á€ºá€Ÿá€½á€¬ á€™á€¼á€”á€ºá€™á€¬á€˜á€¬á€á€¬ á€á€€á€ºá€˜á€ºá€†á€­á€¯á€€á€º (www.XinhuaMyanmar.com)áŠ á€†á€„á€ºá€Ÿá€½á€¬ á€™á€¼á€”á€ºá€™á€¬á€˜á€¬á€á€¬ á€–á€±á€·á€…á€ºá€˜á€¯á€á€º (www.facebook.com/XinhuaMyanmar) á€”á€¾á€„á€·á€º á€†á€„á€ºá€Ÿá€½á€¬ á€™á€¼á€”á€ºá€™á€¬á€˜á€¬á€á€¬ á€™á€­á€¯á€˜á€­á€¯á€„á€ºá€¸ Application (á€†á€„á€ºá€Ÿá€½á€¬á€™á€¼á€”á€ºá€™á€¬ App) á€á€­á€¯á€·á€•á€«á€á€„á€ºá€á€Šá€ºá‹",2015-02-14T14:56:41Z,US,['Society'],11648466,43200,8527,Xinhua Myanmar á€™á€¼á€”á€ºá€™á€¬ á€»á€™á€”á€¹á€™á€¬ á€á‚á€¯á€á€¹ á€á€›á€¯á€á€º Burma á€†á€„á€ºá€Ÿá€½á€¬
91,Xinjiang Channel,Xinjiang,English,"Wuzhou Communication Co., Ltd.",State Council Information Office (SCIO),xinjiangchina,UC4cbdfoPk2dRZUBfUomKYwg,https://www.youtube.com/@xinjiangchina,20,,2023-07-26T07:30:33.077819Z,,"['Society', 'Lifestyle']",10534,27,45,
92,Xu Li,la Francophonie,French,China Media Group (CMG),Central Publicity Department,lechinoisavecxuli8209,UCrRftfz-W03kyPX8LC3LrXA,https://www.youtube.com/channel/UCrRftfz-W03kyPX8LC3LrXA,1670,"Apprendre le chinois, c'est pas sorcier ! Sautez le pas ! Suivez-moi ! ",2020-01-09T06:38:53.292743Z,,"['Lifestyle', 'Knowledge']",39438,1710,214,
93,Xu Zeyu Philip,Anglosphere,English,Xinhua News Agency,State Council,xuzeyuphilip,UCS9AiYbXcet12NLoNPYu6BQ,https://www.youtube.com/channel/UCS9AiYbXcet12NLoNPYu6BQ,2210,Fact is engraved in time for a swing on a memory poem. Read it loud.,2012-02-10T00:19:24Z,CN,"['Health', 'Lifestyle', 'Society']",1643363,2270,60,
94,Saina (Amy Saina),Anglosphere,English,China Media Group (CMG),Central Publicity Department,SainainChina,UCyiX7kZWjipUum-9Ay0KjdA ,https://www.youtube.com/c/SainainChina,1760,Nice to meet you! I love sharing my adventures and stories here.,2011-08-29T12:11:50Z,,"['Lifestyle', 'Music', 'Pop music', 'Music of Asia']",83490,1750,40,
95,Yang Zhao,Anglosphere,English,China Media Group (CMG),Central Publicity Department,TechItOutwithYangZhao,UCKPX70w5skEeSZbTMHYYUZw,https://www.youtube.com/c/TechItOutwithYangZhao,556,"Tech it Out is a featured science and technology show, that to explore the latest and most advanced achievements in the field. Please also follow us on Facebook at https://www.facebook.com/TIOwithYZ & Twitter at https://twitter.com/YangZha42341102.",2020-05-08T13:14:16.016524Z,,"['Society', 'Knowledge']",135977,970,611,
96,Xu Yawen,Anglosphere,English,China Media Group (CMG),Central Publicity Department,YawenXu,UCJ_Hpk3Qfrm5LLQg6YS1bSA,https://www.youtube.com/@YawenXu,94,Yawen interview and other videos.,2022-06-02T10:20:29.194118Z,,"['Society', 'Politics']",7040,209,21,
97,Zhang Yikang (Kathie Zhang / æ–°ç±³ãƒãƒãƒ»ã„ãƒ¼ã‹ã‚“),Japan,Japanese,China Media Group (CMG),Central Publicity Department,user-tm8nh7dm4e,UCG9hcjWZG-EPJATl_LwHiBQ,https://www.youtube.com/channel/UCG9hcjWZG-EPJATl_LwHiBQ,261,"ä¸­å›½ã§æ—¥æœ¬èªã‚¢ãƒŠã‚¦ãƒ³ã‚µãƒ¼ã‚’ã—ã¦ã„ã‚‹å¼µæ€¡åº·ï¼ˆã¡ã‚‡ã†ãƒ»ã„ãƒ¼ã‹ã‚“ï¼‰ã§ã™ã€‚

2020å¹´4æœˆã«å¨˜ã‚’å‡ºç”£ã€ãƒãƒã«ãªã‚Šã¾ã—ãŸï¼
å­è‚²ã¦ã¯è©¦ç·´ã®é€£ç¶šâ€¦ãœã²ã‚¢ãƒ‰ãƒã‚¤ã‚¹ã‚’ãŠé¡˜ã„ã—ã¾ã™ã€‚

ä¸­å›½ã¨æ—¥æœ¬ã®å­è‚²ã¦æ–‡åŒ–æ¯”è¼ƒãªã©ã‚’ç™ºä¿¡ã—ã¦ã„ãã¾ã™ã®ã§ã€ä¸­å›½ã®å­è‚²ã¦äº‹æƒ…ãªã©ã€æ°—ã«ãªã‚‹è©±é¡ŒãŒã‚ã‚Œã°æ•™ãˆã¦ãã ã•ã„ã­ğŸ’",2021-03-02T08:55:11.653486Z,,['Lifestyle'],38949,322,20,
98,Jiang Yuan (J'Y Pense),la Francophonie,French,China Media Group (CMG),Central Publicity Department,jypense975,UCDUaRdVyDLus-JElBwylB3g,https://www.youtube.com/channel/UCDUaRdVyDLus-JElBwylB3g,11700,"PrÃ©sentatrice de CGTN et passionnÃ©e d'histoire, je vous propose d'approfondir vos connaissances et de dÃ©couvrir l'histoire sous un nouvel angleÂ ! ",2020-03-25T11:42:09.10765Z,CN,,74368,11700,102,JYPenseChine Chine ä¸­å›½ æ³•å›½ è¯„è®º è¥¿æ–¹ æ—…æ¸¸ voyage tourism china chinese xinjiang yunnan
99,Yang Yating (Christina Yang),Anglosphere,English,China Media Group (CMG),Central Publicity Department,YatingYang,UCl_E1Hpjz4AA5u_rk2Vax9w,https://youtube.com/channel/UCl_E1Hpjz4AA5u_rk2Vax9w,263,"ğŸ¤Bilingual TV Host ğŸ¤
Native Chinese ğŸ‡¨ğŸ‡³
Cross-cultural CommunicationğŸ¥³
Film CriticsğŸ¬
Travel ExpertğŸŒ






",2021-03-03T14:03:32.421366Z,GB,,421,262,2,
100,Assia,MENA,Arabic,China Media Group (CMG),Central Publicity Department,AssiainChina,UCVqvgP64vzxhpawshnh9f_g,https://www.youtube.com/channel/UCVqvgP64vzxhpawshnh9f_g,1670000,"ÙŠÙˆØªÙŠÙˆØ¨Ø± ØµÙŠÙ†ÙŠØ© ØªØªÙƒÙ„Ù… Ø§Ù„Ù„ØºØ© Ø§Ù„Ø¹Ø±Ø¨ÙŠØ© ÙˆØªØ­Ø¨ Ø§Ù„ØªÙ…Ø«ÙŠÙ„ ÙˆØ§Ù„ØªÙ‚Ù„ÙŠØ¯ØŒ Ù…Ø±Ø­Ø¨Ø§ Ø¨ÙƒÙ… ÙÙŠ Ù‚Ù†Ø§ØªÙŠ 
Chinese girl  love Arabic   love life 
want to bring you happiness
welcome to my channel 
lets laugh together!",2019-07-10T09:48:26Z,HK,['Entertainment'],562357265,1680000,224,"""ÙŠÙˆØªÙŠÙˆØ¨Ø± ØµÙŠÙ†ÙŠØ©"" Ø¢Ø³ÙŠØ§ Ø§Ù„ØµÙŠÙ† Ù…Ù…Ø«Ù„ Ø§Ø³ÙŠØ§"
101,He Beibei,Hispanophone,Spanish,China Media Group (CMG),Central Publicity Department,beibeicita,UCq6fUOLEIf_ZxaKRfTfhRWg,https://www.youtube.com/channel/UCq6fUOLEIf_ZxaKRfTfhRWg,12,"Hola amigos, soy una china con corazÃ³n latino! AquÃ­ les muestro la cultura, el paisaje, la historia y lo que estÃ¡ pasando en China!
SigÃ¡nme tambiÃ©n en Facebook, la cuenta es Cuando el rÃ­o suena con Beibei 
en TW y en Insta es @Beibeicita 
",2022-10-18T04:16:25.05119Z,,"['Lifestyle', 'Hobby', 'Society']",145,12,15,
102,CCTV.com,China,Chinese,China Media Group (CMG),Central Publicity Department,CCTV,UCcLK3j-XWdGBnt5bR9NJHaQ,https://www.youtube.com/@CCTV,1750000,"æˆ‘ä»¬è‡´åŠ›äºæ›´å¥½å±•ç°çœŸå®ã€ç«‹ä½“ã€å…¨é¢çš„ä¸­å›½ï¼Œæˆä¸ºä¸­å›½èµ°å‘ä¸–ç•Œã€ä¸–ç•Œè¯»æ‡‚ä¸­å›½çš„é‡è¦çª—å£ã€‚

æ›´å¤šç²¾å½©å†…å®¹æ¬¢è¿å…³æ³¨CCTV Globalï¼šhttps://global.cctv.com/

ç‰ˆæƒé—®é¢˜å¯è”ç³»é‚®ç®±copyright.cctv@gmail.com
å†…å®¹åŠå…¶ä»–å•†åŠ¡äº‹å®œè¯·è”ç³»é‚®ç®±business.cctvcom@gmail.com
",2014-01-03T09:39:50Z,CN,"['Society', 'Politics']",789710273,1810000,33666,"CCTV ä¸­å¤®ç”µè§†å° ""china news"" å¤®è§† å¤®è§†ä¸»æŒäºº æ–°é—»è”æ’­ xijinping CCTVä¸­å›½ CCTV1 ç»å…¸å’æµä¼  cctv13 ç­‰ç€æˆ‘ ä¹ è¿‘å¹³ éœå°Š å‘¨æ·± ç‹æº è‚–æˆ˜ è¿ªç›å¸Œ live åˆ˜å®ªå è°­ç»´ç»´ ä¸­å›½æ–°é—» CCTVä¸­æ–‡å›½é™… å´è°¨è¨€ æŒ‘æˆ˜ä¸å¯èƒ½ ä¸­å›½ å¤®è§†ç»¼è‰º æ–°é—» æ˜Ÿå…‰å¤§é“ æœ±è¿… ææ¢“èŒ åº·è¾‰ æ–°å† è‚ºç‚ æ–°å†  ä¸­å›½è¯—è¯å¤§ä¼š CCTVçºªå½•ç‰‡ COVID-19 ç–«æƒ… coronavirus è¯—è¯å¤§ä¼š CCTVç»¼è‰º ""CCTV news"" ä¸­å›½ä¸­å¤®ç”µè§†å° æ˜¥æ™š æ„ŸåŠ¨ä¸­å›½ å¤®è§†æ˜¥æ™š èˆŒå°–ä¸Šçš„ä¸­å›½ ä¸­å›½å¥½æ­Œæ›² åŠ æ²¹å‘æœªæ¥ å›½åº†"
103,CGTN Nature,Anglosphere,English,China Media Group (CMG),Central Publicity Department,cgtnnature367,UCKPP9QtpcvkfLGJgSWjWVQQ,https://www.youtube.com/@cgtnnature367,1860,"Welcome to CGTN Nature on Youtube! 
CGTN Nature is part of China Global Television Network (CGTN).
We aim to guide you through the magnificent natural world and show you everything you wanted to know about our planet. 
Official website: cgtn.com/nature
",2019-11-29T05:29:19.240577Z,GB,['Lifestyle'],860062,2010,912,
104,CGTN EspaÃ±ol,Hispanophone,Spanish,China Media Group (CMG),Central Publicity Department,CGTNEspanol,UCd94YCD7yp6d-YZSRYWyeFA,https://www.youtube.com/@CGTNEspanol,489000,"CGTN es una organizaciÃ³n internacional de medios cuyo objetivo es proporcionar a las audiencias globales una cobertura de noticias precisa y oportuna, asÃ­ como servicios audiovisuales enriquecidos.",2015-07-20T06:50:13Z,CN,"['Politics', 'Society']",191707732,494000,57715,"CGTN EspaÃ±ol ""CGTN en EspaÃ±ol"" noticias cultura China ""AmÃ©rica Latina"" LatinoamÃ©rica turismo"
105,Chinese Embassy in Turkey,TÃ¼rkiye,Turkish,Ministry of Foreign Affairs,Ministry of Foreign Affairs,cinbuyukelciligiankara-9545,UCy5CHyXXoy2nZeIG5sphgeg,https://www.youtube.com/@cinbuyukelciligiankara-9545,609,"Ã‡in Halk Cumhuriyeti Ankara BÃ¼yÃ¼kelÃ§iliÄŸi Resmi Youtube KanalÄ± HoÅŸgeldiniz!
Bu kanalda Ã‡in KÃ¼ltÃ¼rÃ¼-Teknolojisi-YaÅŸamÄ±-EÄŸitimi-Yemekleri ve pek Ã§ok konular hakkÄ±nda bilgiler keÅŸfedebilirsiniz.",2020-04-16T08:46:30.718518Z,TR,"['Society', 'Lifestyle']",52849,609,130,"Ã‡in ""Ã‡in Halk Cumhuriyeti"" ""Ã‡in BÃ¼yÃ¼kelÃ§iliÄŸi Ankara"" China ""Ä°pek Yolu"" ""Bir Yol Bir KuÅŸak"" EÄŸitim KÃ¼ltÃ¼r Teknoloji Ä°nsan YaÅŸam Sanat Diplomasi Diplomat Siyaset Siyasi ElÃ§ilik BÃ¼yÃ¼kelÃ§ilik BÃ¼yÃ¼kelÃ§i Asya"
106,Phoenix Online,China,Chinese,Phoenix Media Investment (Holdings) Limited,Bauhinia Culture Holdings Limited,ifenglobal,UCNsnRaOAVq3CGJThcqPqWyw,https://www.youtube.com/@ifenglobal,18700,"å‚¾è½å…¨çƒè¯äººæ•…äº‹

é³³å‡°ç¶²å®˜æ–¹YouTubeé »é“

",2021-08-30T03:41:35.245497Z,HK,['Lifestyle'],10228381,19500,1332,"é³³å‡°ç¶² é³³å‡°è¡›è¦– å‡¤å‡°ç½‘ å‡¤å‡°å«è§† Phoenixtv å‡¤å‡° é²è±«æœ‰çº¦ å†·æš–äººç”Ÿ Hongkong ""Phoenix Television"" é¦™æ¸¯ Ifeng"
107,Jimena Li Yu (Jimena a tu clic),Hispanophone,Spanish,China Media Group (CMG),Central Publicity Department,jimenaatuclic9148,UCJ_jkDQ_kzovmXA16KffypQ,https://www.youtube.com/channel/UCJ_jkDQ_kzovmXA16KffypQ/featured,239,,2020-05-05T05:37:00.329163Z,,"['Lifestyle', 'Food']",24977,242,114,
108,Ou Xiaolan (Lana Ou / Lana Ù„Ø§Ù†Ø§),MENA,Arabic,China Media Group (CMG),Central Publicity Department,lana7840,UCizM-X0cwVOuCY63ilTDnpg,https://www.youtube.com/channel/UCizM-X0cwVOuCY63ilTDnpg,15900,"Ù…Ù…Ø§Ø±Ø³Ø© Ø§Ù„Ø±ÙŠØ§Ø¶Ø© ÙˆØªØµÙˆÙŠØ± Ù…Ù‚Ø§Ø·Ø¹ Ø§Ù„ÙÙŠØ¯ÙŠÙˆÙ‡Ø§Øª ÙˆÙ…Ø´Ø§Ø±ÙƒØ© Ù…Ø¹ÙƒÙ… Ø£Ø³Ù„ÙˆØ¨ Ø­ÙŠØ§ØªÙŠØŒ ÙƒÙ„ Ù‡Ø°Ù‡ Ø§Ù„Ø£Ø´ÙŠØ§Ø¡ Ù„ÙŠØ³Øª ÙÙ‚Ø· Ø¥Ø«Ø±Ø§Ø¡ Ø­ÙŠØ§ØªÙŠ ÙÙ‚Ø·ØŒ Ø£Ù‡Ù… Ø´ÙŠØ¡ Ù‡Ùˆ Ù…Ù‚Ø§Ø¨Ù„Ø© Ø§Ù„Ø£ØµØ¯Ù‚Ø§Ø¡ ÙÙŠ ÙƒÙ„ Ø£Ù†Ø­Ø§Ø¡ Ø§Ù„Ø¹Ø§Ù„Ù…...

ğŸ’– Thanks for subscribing ğŸ’–
Instagram
https://www.instagram.com/lana_in_china/
Facebook
https://www.facebook.com/LanainChina
YouTube Chinese channel
http://bit.ly/2P00nxH
",2020-01-29T06:27:54.252452Z,HK,"['Hobby', 'Lifestyle', 'Health', 'Fitness']",4871114,111000,66,
109,Xing Luana (Luana em Pequim),Brazil,Portuguese,China Media Group (CMG),Central Publicity Department,LuanaemPequim,UCN6CoFD-0JuFgwFwEobQyXg,https://www.youtube.com/LuanaemPequim,21100,"Menina chinesa que gosta da mÃºsica e gastronomia 
EspaÃ§o para compartilhar meu cotidiano, viagens, culinÃ¡ria e curiosidades
Facebook: Luana em Pequim 
Instagram: Luana em Pequim 
Tik Tok: Luana em Pequim ",2019-07-31T01:02:38Z,BR,"['Food', 'Lifestyle']",13436632,225000,443,"""Menina chinesa"" Moda ""estilo de vida"" ""â€œFadistaâ€ na China"" Gastronomia MÃºsica"
110,LÃ¼ Qianqian (Lucy Lv),Anglosphere,English,China Media Group (CMG),Central Publicity Department,LucyLvList,UCIWxsVyzsGSq6wXNUjYgqZA,https://www.youtube.com/channel/UCIWxsVyzsGSq6wXNUjYgqZA,588,"Hi, my name is Lucy Lv. I was born and raised in Yancheng, east China, and spent nearly 10 years living and working in Australia. However, in 2018 I moved to Beijing because I wanted to rediscover China's history and culture. It's been quite a journey, and now, I want to share that journey with you!

Follow me on Facebook, TikTok, Instagram all @lucylvlist
",2011-09-24T06:07:04Z,,,69629,592,161,
111,Mango TV International,Hunan,Chinese,Hunan Satellite TV,Hunan Provincial People's Government,MangoTV-Official,UC1pHFqCMAIHP8gr4lYGtNLA,https://www.youtube.com/@MangoTV-Official,5020000,"èŠ’æœä»”ä¸ºæ‚¨é…é€å¿«ä¹ğŸ¥­æ¹–å—å«è§†èŠ’æœTVå®˜æ–¹é¢‘é“â€”â€”å¤§å®¶éƒ½åœ¨çœ‹çš„ç»¼è‰ºé¢‘é“-æœ€å…¨æœ€æ–°çƒ­é—¨ç»¼è‰º-èŠ’æœå¿«ä¹ç‹¬å®¶é€è¾¾ï¼
ä»¥ä¸‹ä¸ºèŠ’æœTVå›½é™…APPä¼šå‘˜æ›´æ–°æ—¶é—´ï¼ˆä¼šå‘˜å†…å®¹åŒæ­¥èŠ’æœTVå›½é™…APPå½“å¤©æ›´æ–°ï¼Œä½†ä¸Šçº¿æ—¶é—´ä»¥å®é™…æ’­å‡ºä¸ºå‡†ï¼‰åŠ å…¥MangoTV VIPï¼Œç²¾å½©å†…å®¹ä¼šå‘˜æŠ¢å…ˆçœ‹ï¼Œæ›´æœ‰ä¼šå‘˜ä¸“äº«å†…å®¹ä¸€æ¬¡çœ‹å¤Ÿï¼ğŸ‘‰http://bit.ly/MGTVVIP ã€æˆ³ä¸‹æ–¹é“¾æ¥å³å¯åŠ å…¥å“¦ğŸ‘‡ğŸ‘‡ã€‘
ã€å¦‚æœ‰ä»»ä½•ç–‘é—®æˆ–å»ºè®®ï¼Œè¯·è”ç³»æˆ‘ä»¬ğŸ“§hunantvmango@gmail.comã€‘

ä¸‹è½½èŠ’æœTVå›½é™…APP â†’ https://bit.ly/2U0ML7S ï¼Œæ›´å¤šçˆ†æ¬¾å†…å®¹ç¬¬ä¸€æ—¶é—´æŠ¢å…ˆçœ‹ï¼Œç²¾å½©é…éŸ³ã€å¤šè¯­è¨€å­—å¹•ç­‰ä½ æ¥pickï¼PCç”¨æˆ·å¯ç™»é™†èŠ’æœTVå›½é™…å®˜ç½‘ â†’ https://bit.ly/3gFnJmm  
",2013-01-29T02:38:59Z,HK,"['Lifestyle', 'Entertainment']",4753491189,5050000,74659,"æ¹–å—å«è§† æ¹–å—å«è§†èŠ’æœTV æ¹–å—å«è§†èŠ’æœtv èŠ’æœtv MGTV mgtv æ¹–å—å«è§†èŠ’æœTVå®˜æ–¹é¢‘é“ èŠ’æœTVç»¼è‰º mgtvç»¼è‰º ""mgtv drama"" å‘å¾€çš„ç”Ÿæ´» å¯†å®¤å¤§é€ƒè„± æ˜æ˜Ÿå¤§ä¾¦æ¢ ä¹˜é£ç ´æµªçš„å§å§ ""mgtvç»¼è‰º 2021"" æ¹–å—å«è§†è·¨å¹´æ¼”å”±ä¼š ""MGTV Variety"" å¿«ä¹å¤§æœ¬è¥ å¦»å­çš„æµªæ¼«æ—…è¡Œ ä¸­é¤å… å¿«ä¹å¤§æœ¬è¥ å¤©å¤©å‘ä¸Š å¿«ä¹å¤§æœ¬è¥2021 ""mgtv variety"" ""èŠ’æœtv ç»¼è‰º2021"" å¦»å­çš„æµªæ¼«æ—…è¡Œ è¯´å”±å¬æˆ‘çš„ æ­Œæ‰‹ å¥³å„¿ä»¬çš„æ‹çˆ± æŠ«è†æ–©æ£˜çš„å“¥å“¥ ""èŠ’æœtv å›½é™…ç‰ˆ"" ""èŠ’æœtv app"""
112,Xu Wei (Rain Xu / Ms V / Ø´ÙŠÙˆ ÙˆÙŠ),MENA,Arabic,China Media Group (CMG),Central Publicity Department,MsVchina,UCsSnAL4-3sPZCpsl2pCGVsg,https://www.youtube.com/channel/UCsSnAL4-3sPZCpsl2pCGVsg,365000,"Ù…Ø±Ø­Ø¨Ø§!
Ø£Ù†Ø§ Ù…ÙŠØ³ ÙˆÙŠ Ù…Ù† Ø§Ù„ØµÙŠÙ†MsV 
Ø£Ø­Ø¨ Ø§Ù„Ø³ÙŠØ§Ø­Ø© ÙˆØ£Ø­Ø¨ Ø§Ù„Ø¹Ù„Ù… ÙˆØ§Ù„ØªÙƒÙ†ÙˆÙ„ÙˆØ¬ÙŠØ§ ÙˆØ£Ø­Ø¨ ÙƒÙ„ Ø´ÙŠØ¡ Ø¬Ø¯ÙŠØ¯ ÙˆØºØ±ÙŠØ¨ Ù‡Ø°Ù‡ Ù‚Ù†Ø§ØªÙŠ Ø§Ù„Ø´Ø®ØµÙŠØ© Ø¹Ù„Ù‰ Ø§Ù„ÙŠÙˆØªÙŠÙˆØ¨ØŒ Ø£Ø±ÙŠØ¯ Ø§Ù†ØªØ§Ø¬ ÙÙŠØ¯ÙŠÙˆÙ‡Ø§Øª Ù…ÙÙŠØ¯Ø© ÙˆØ´ÙŠÙ‚Ø© Ù„ÙƒÙ…ØŒ ÙˆØ£ØªÙ…Ù†Ù‰ Ø£Ù† Ø£Ø¹Ø²Ø² Ø¨Ø¬Ù‡ÙˆØ¯ÙŠ Ù‡Ø°Ù‡ Ø§Ù„ØªÙØ§Ù‡Ù… ÙˆØ§Ù„ØªØ¹Ø§Ø±Ù Ø¨ÙŠÙ† Ø§Ù„Ø´Ø¹Ø¨ÙŠ Ø§Ù„ØµÙŠÙ†ÙŠ ÙˆØ§Ù„Ø¹Ø±Ø¨ÙŠ Ø¨Ø´ÙƒÙ„ Ø£ÙØ¶Ù„!",2019-07-06T23:53:33Z,HK,"['Lifestyle', 'Entertainment']",13094248,366000,196,"""ms v"" ""Ù…ÙŠØ³ ÙˆÙŠ"""
113,Phoenix HK TV (iFeng),Hong Kong,Chinese,Phoenix Media Investment (Holdings) Limited,Bauhinia Culture Holdings Limited,PhoenixSatellite,UCI5pReHns7FI2Z-CbnUpwhA,https://www.youtube.com/@PhoenixSatellite,19900,é³³å‡°è¡›è¦–é¦™æ¸¯å°æ˜¯é¦™æ¸¯é³³å‡°è¡›è¦–æ“æœ‰çš„ä¸€æ¢ä»¥ç²µèªå»£æ’­ç‚ºä¸»çš„ç¶œåˆå¨›æ¨‚é »é“ã€‚,2012-12-18T18:48:49Z,US,"['Politics', 'Society']",2418970,20200,4224,"é³³å‡°è¡›è¦– é¦™æ¸¯å° Phoenix ""Hong Kong"" é¦™æ¸¯ ""Hong Kong Channel"" é³³å‡° é³³å‡°é¦™æ¸¯ é³³å‡°å° é³³å‡°è¡›è¦–é¦™æ¸¯å° é¦™æ¸¯å° é³³å‡° é³³å‡°é¦™æ¸¯å° é³³å‡°é¦™æ¸¯ é³³å‡°è¡›è¦– é¦™æ¸¯"
114,Phoenix US TV (iFeng),USA,Chinese,Phoenix Media Investment (Holdings) Limited,Bauhinia Culture Holdings Limited,Pstvnews,UCPlXIiRi3P1monQkMLsB6cQ,https://www.youtube.com/@Pstvnews,15000,"é³³å‡°ç¾å·æ–°è - å‘ä¸–ç•Œç™¼å‡ºè¯äººçš„è²éŸ³
æˆ‘å€‘è‡´åŠ›æ–¼æä¾›æœ€å¯Œå½±éŸ¿åŠ›ã€æœ€å…·åƒ¹å€¼çš„é«˜å“è³ªå…§å®¹ç”¢å“å’Œæœå‹™ã€‚
",2015-02-26T02:01:20Z,,"['Politics', 'Society']",3689878,15000,10827,
115,Xiao Song,South Korea,Korean,China Media Group (CMG),Central Publicity Department,xiaosongchinese,UCvnyQ_hJzM0cXr4WMw9bU4A,https://www.youtube.com/c/xiaosongchinese,921,"ì•ˆë…•í•˜ì„¸ìš”. 
ìƒ¤ì˜¤ì†¡ì´ì—ìš”. 
í˜„ì¬ ì¤‘êµ­ ë² ì´ì§•ì—ì„œ ìƒí™œí•˜ê³  ìˆì–´ìš”.
ì£¼ë³€ì— ì™¸êµ­ì¸ ì¹œêµ¬ê°€ ë§ì€ë°ìš”.
í‰ì†Œ ì¼ìƒ ì¤‘êµ­ì–´ íšŒí™”ì— ëŒ€í•´ 
ë¬¸ì˜ í•  ë•Œê°€ ë§ì•„ìš”.
ìƒí™œì† ì¤‘êµ­ì–´ íšŒí™”ê°€ ì–´ë–»ê²Œ ì§„í–‰ë˜ëŠ”ì§€ 
ê³µìœ í•˜ë©´ ì¢‹ê² ë‹¤ëŠ” ìƒê°ì´ ë“¤ì—ˆì–´ìš”. 
ì–¼ë§ˆì „ facebook/instagram/youtube ì˜¤í”ˆí–ˆì–´ìš”.
ë§ì€ ì‚¬ë‘ ë¶€íƒë“œë ¤ìš”.",2020-09-11T14:46:43.443056Z,KR,"['Knowledge', 'Lifestyle']",80253,922,188,"ä¸­æ–‡ æ±‰è¯­å¯¹è¯ ä¸­æ–‡æ—¥å¸¸ä¼šè¯ ì¤‘êµ­ì–´ê°•ì¢Œ ì¤‘êµ­ì–´ì¼ìƒíšŒí™” ì¤‘êµ­ì–´íšŒí™” ìƒí™œì¤‘êµ­ì–´íšŒí™” ì¼ìƒì¤‘êµ­ì–´ëŒ€í™” ì¤‘êµ­ì–´ê³µë¶€ ì¤‘êµ­ì–´ë°œìŒêµì • ì¤‘êµ­ì–´ë°œìŒì¡ëŠ”ì „ë¬¸ê°€ ì¼ìƒì¤‘êµ­ì–´í‘œí˜„ xiaosong ""ì¤‘êµ­ì–´ ë°°ìš°ê¸°"" ""ì¤‘êµ­ì–´ ë‹¤ìŒì"" ""ì¤‘êµ­ì–´ ì„±ì¡°"" ""ì¤‘êµ­ì–´ ê³µë¶€"" ""ì¤‘êµ­ì–´ ë°œìŒ ì—°ìŠµ"" ""ì¤‘êµ­ì–´ ê³µë¶€ ë¸Œì´ë¡œê·¸"" ""ì¤‘êµ­ì–´ ë“£ê¸° í›ˆë ¨"" ""ì¤‘êµ­ì–´ ë§í•˜ê¸°"" ""ì¤‘êµ­ì–´ ì‰ë„ì‰"" ""ì¤‘êµ­ì–´ ì˜í•˜ëŠ”ë²•"" ""ì¤‘êµ­ì–´ ì¤‘ê¸‰íšŒí™”"" ""ì¤‘êµ­ì–´ ëŠì–´ì½ê¸°"" ""ì¤‘êµ­ì–´ ë”°ë¼í•˜ê¸°"""
116,Wu Yo Yo,Anglosphere,English,China Media Group (CMG),Central Publicity Department,AdventurewithYoYo,UCYRRM93vDCvhUjrkz7aECcw,https://www.youtube.com/c/AdventurewithYoYo,355,,2021-02-09T07:32:17.775101Z,,['Lifestyle'],100944,678,27,
117,Wang Bing,la Francophonie,French,China Media Group (CMG),Central Publicity Department,bingwang7665,UCNPxL6AeFnm6NtfFdNxdbvw,https://www.youtube.com/channel/UCNPxL6AeFnm6NtfFdNxdbvw,5,Bingbing vous prÃ©sente la Chine colorÃ©e Ã  ses yeux !,2020-10-08T02:25:16.883794Z,CN,,22,5,3,
118,CCTV4 International,China,Chinese,China Media Group (CMG),Central Publicity Department,CCTV4International,UCnAsZ46UTeFEgwOEwMezngQ,https://www.youtube.com/@CCTV4International,1070000,"æ¬¢è¿è®¢é˜… Subscribe toã€CCTVä¸­æ–‡å›½é™…ã€‘é¢‘é“

â€œä¼ æ‰¿ä¸­åæ–‡æ˜ã€æœåŠ¡å…¨çƒåäººâ€ï¼Œä¸­å¤®å¹¿æ’­ç”µè§†æ€»å°å¤®è§†ä¸­æ–‡å›½é™…é¢‘é“ï¼ˆCCTV-4ï¼‰åˆ†ä¸ºäºšæ´²ã€æ¬§æ´²ã€ç¾æ´²ä¸‰ä¸ªé¢‘é“è¦†ç›–å…¨çƒæ’­å‡ºã€‚

ä¸­æ–‡å›½é™…é¢‘é“ç²¾å½©å†…å®¹æ”¾é€
ã€Šä»Šæ—¥å…³æ³¨ã€‹æ’­æ”¾åˆ—è¡¨ï¼šhttps://bit.ly/3VDJrJX
ã€Šæµ·å³¡ä¸¤å²¸ã€‹æ’­æ”¾åˆ—è¡¨ï¼šhttps://bit.ly/3WL0aN1
ã€Šä»Šæ—¥äºšæ´²ã€‹æ’­æ”¾åˆ—è¡¨ï¼šhttps://bit.ly/3GgfF8E
ã€Šä¸­å›½èˆ†è®ºåœºã€‹æ’­æ”¾åˆ—è¡¨ï¼šhttps://bit.ly/3VJgg8k
ã€Šæ·±åº¦å›½é™…ã€‹æ’­æ”¾åˆ—è¡¨ï¼šhttps://bit.ly/3ihN22J
ã€Šæƒå¨å‘å¸ƒã€‹æ’­æ”¾åˆ—è¡¨ï¼šhttps://bit.ly/3VK5YFh
ã€Šæ–°é—»çƒ­ç‚¹ç²¾é€‰ã€‹æ’­æ”¾åˆ—è¡¨ï¼šhttps://bit.ly/3ZBdLY6

ç‰ˆæƒé—®é¢˜å¯è”ç³»é‚®ç®±copyright.cctv@gmail.com
å†…å®¹åŠå…¶ä»–å•†åŠ¡äº‹å®œè¯·è”ç³»é‚®ç®±business.cctvcom@gmail.com
",2014-01-24T01:49:50Z,CN,"['Politics', 'Society']",459265457,1100000,52945,"CCTV CCTVä¸­æ–‡å›½é™… ä»Šæ—¥å…³æ³¨ ä¸­å›½æ–°é—» æµ·å³¡ä¸¤å²¸ ä»Šæ—¥äºšæ´² æ–°é—»èµ„è®¯ ä¸­å›½èˆ†è®ºåœº æ·±åº¦å›½é™… è¿œæ–¹çš„å®¶ ä¼ å¥‡ä¸­å›½èŠ‚ æ˜¥èŠ‚è”æ¬¢æ™šä¼š ä¸­å›½ç¼˜ ä¸­å›½å¹´ ""China News"" CCTV4 ä¸­å¤®ç”µè§†å° å°æ¹¾ å¤§é™† ä¸¤å²¸å…³ç³» å—æµ· ä¸­å›½å…±äº§å…š ä¸­å›½å†›é˜Ÿ ä¸­å›½å†›åŠ› ä¸­å›½æ­¦å™¨ ä¸­å›½èˆªæ¯ ä¸€å¸¦ä¸€è·¯ å¤–äº¤éƒ¨ å•†åŠ¡éƒ¨ å›½å°åŠ å›½æ–°åŠ AcrosstheStrait ""China's Public Opinion Field"" ChinaMainland ""China News Today"" ""Asia Today"" å›½å®¶è®°å¿† ä¸­å›½å¤–äº¤éƒ¨ ä¸­å›½æ–‡è‰º åäººæ•…äº‹ å¹³å‡¡åŒ å¿ƒ ä»Šæ—¥ç¯çƒ"
119,CGTN Americas Now,Anglosphere,English,China Media Group (CMG),Central Publicity Department,Cctvamerica_americasnow,UCkBLJRcemwLRd-1dWV49y1g,https://www.youtube.com/@Cctvamerica_americasnow,8990,"CGTN AMERICAS NOW is a weekly television magazine produced by CGTN America in Washington D.C.  It features in depth investigative reports,  personality profiles, and feature stories on social and economic trends with a special focus on Central and South America.  Excerpts are published each week to YouTube.",2012-06-28T19:24:10Z,,"['Society', 'Politics']",3591726,9020,333,"""Americas Now"" News CCTV ""CCTV America"""
120,CGTN BizTalk,Anglosphere,English,China Media Group (CMG),Central Publicity Department,cgtnbiz,UC-Pq5M-yE8caR28E-VLK5JA,https://www.youtube.com/@cgtnbiz,855,"CGTN BIZ is the flagship business show of CGTN English Channel, bringing you the latest economic data, business trends and policies. And we also present 360 degree profiles of industry movers and shakers, tech mavericks and policymakers, to get you clarity on whatâ€™s happening in every facet of business.",2022-03-15T12:56:19.743769Z,,"['Politics', 'Society']",203279,1040,2538,
121,CGTN Documentary,Anglosphere,English,China Media Group (CMG),Central Publicity Department,cgtndocumentary5826,UCq2Cg1w0sfmo_HcxbUMsXqA,https://www.youtube.com/@cgtndocumentary5826,7010,"Launched on Jan. 1, 2011, CGTN Documentary is the only Chinese TV channel to broadcast documentaries in English 24/7. The channel broadcasts over 1,000 episodes of new programs each year, including top quality documentaries such as â€œA Bite of Chinaâ€, â€œWild Wondersâ€, and the 100-episode â€œA History of Chinaâ€.
CGTN Documentary is an ideal platform for people around the world to learn about China's past and present, and is dedicated to promoting the best of Chinese documentaries.",2020-06-29T08:03:25.443673Z,CN,"['Society', 'Lifestyle']",347209,7400,1074,
122,Hi China,Anglosphere,English,China Media Group (CMG),Central Publicity Department,ChannelHiChina,UCT8RMFbTJV5ILaVykrluOQg,https://www.youtube.com/@ChannelHiChina,348000,"We strive to provide global audiences with news, reports and feature programs with a distinctive Chinese flavor and an international perspective.",2010-04-07T09:19:35Z,CN,"['Society', 'Lifestyle']",143759613,349000,25119,MyChina China ChinainLens HiChina SeeChina ChineseCulture SpringFestival ChineseNewYear
123,Anhui TV Station,Anhui,Chinese,Anhui Radio and TV Station,Anhui Provincial Committee,chinaanhuitvofficialchanne8354,UCdk3VIfJInCt1ned5HHce7g,https://www.youtube.com/@chinaanhuitvofficialchanne8354,90600,"æ¬¢è¿æ¥åˆ°å®‰å¾½å«è§†å®˜æ–¹é¢‘é“ï¼šhttp://bit.ly/2RVEJKy

â€”â€”çƒ­é—¨èŠ‚ç›® å¤©å¤©æ›´æ–°â€”â€”

â€”â€”ä¸€åˆ‡ç²¾å½© åº”æœ‰å°½æœ‰â€”â€”

âœªæ˜æ˜Ÿè®¿è°ˆèšé›†åœ° | éå¸¸é™è·ç¦»ï¼šhttp://bit.ly/3cIwtIe

âœªäººç±»å¹¼å´½è¡Œä¸ºå¤§èµ | åŠ æ²¹å¥½babyï¼šhttp://bit.ly/3pSX1ds

âœªå¸…å“¥é“å¥³æ°´ä¸Šé—¯å…³ | ç”·ç”Ÿå¥³ç”Ÿå‘å‰å†²ï¼šhttp://bit.ly/2M1P32F

âœªä¸­å›½ç”µè§†å‰§é¢å¥–ç››å…¸ | 2020å›½å‰§ç››å…¸ï¼šhttp://bit.ly/2MoT9lH

âœªæœ€å…·ç‰¹è‰²çš„æ˜¥èŠ‚è”æ¬¢æ™šä¼š | 2021å®‰å¾½å«è§†æ˜¥æ™šï¼šhttp://bit.ly/2O5rqam

å¿«å¿«ç‚¹å‡»ä¸Šæ–¹é“¾æ¥æ”¶è·å¿«ä¹å§ï¼

Welcome to subscribe us! we owns the exclusive copyright of all the contents published on the channel.
",2018-01-30T06:25:08Z,US,"['Entertainment', 'TV shows']",23492636,92000,2141,"å®‰å¾½å«è§† ""å®‰å¾½å«è§† è¶…çº§è‚²å„¿å¸ˆ"" å®‰å¾½å«è§†å›½å‰§ç››å…¸ å®‰å¾½å«è§†æ˜¥æ™š ""å®‰å¾½å«è§† è¶…ç´šè‚²å…’å¸«"" å®‰å¾½å«è§†è€³ç•”ä¸­å›½ å®‰å¾½å«è§†è·¨å¹´ å®‰å¾½å«è§†å›½å‰§ç››å…¸2022 å®‰å¾½å«è§†å›½å‰§ç››å…¸2021 å®‰å¾½å«è§†2022 å®‰å¾½å«è§†æ˜¥èŠ‚è”æ¬¢æ™šä¼š ""å®‰å¾½å«è§†æ˜¥æ™š 2022 å‘¨ç¾¤"" ""å®‰å¾½å«è§†æ˜¥æ™š å‘¨ç¾¤"" ""å®‰å¾½å«è§† 2022 æ˜¥æ™š"""
124,Guangxi Satellite TV,Guangxi,Chinese,Guangxi Internet Radio and Television Station,Guangxi Zhuang Autonomous Region People's Government,chinaguangxitvofficialchan244,UCEw7iXgdMvDs_mVzzF8bVIA,https://www.youtube.com/@chinaguangxitvofficialchan244,50100,"æ¬¢è¿è®¢é˜…ã€å¹¿è¥¿å«è§†å®˜æ–¹é¢‘é“ China GuangXi TV Official Channelã€‘ğŸ‘‰ï¼š https://bit.ly/2LACr2n

å¸¦æ‚¨é¢†ç•¥å¹¿è¥¿çš„å†å²æ–‡åŒ–ã€æ°‘æ—é£æƒ…åŠè‡ªç„¶é£å…‰ã€‚å…±åˆ†ä¸ºæ–‡æ˜ä¼ æ‰¿ã€å…«æ¡‚ä¹‹é­‚ã€åœ°çµäººæ°ã€å±±æ°´èƒœå¢ƒã€å…‰å½±ä¹¡æ„ã€åŒ å¿ƒç‹¬è¿ã€æ°‘é£ä¼ æƒ…ã€ç‰©åå¤©å®ç­‰8ä¸ªç¯‡ç« ï¼Œç»ç¾å¹¿è¥¿ï¼Œæ¬¢è¿æ¥çœ‹ï¼ğŸ‘
Welcome to subscribe usï¼we owns the exclusive copyright of all the contents published on the channel. 
â—†â—† æ›´å¤šå¹¿è¥¿å«è§†ç²¾å“èŠ‚ç›® â—†â—†

ã€æˆ‘å’Œæˆ‘çš„ç¥–å›½ã€‘è¶…æ¸…å®Œæ•´ç‰ˆï¼šhttps://bit.ly/2SVYnZN
ã€æˆ‘ä»¬çš„å°åº·ã€‘è¶…æ¸…å®Œæ•´ç‰ˆï¼šhttps://bit.ly/3oNjVC6
ã€å¹¿è¥¿å·¥åŒ ã€‘è¶…æ¸…å®Œæ•´ç‰ˆï¼šhttps://bit.ly/3njGKwR
Welcome to subscribe usï¼we owns the exclusive copyright of all the contents published on the channel.
",2019-12-23T03:31:21.893585Z,AL,"['Health', 'Entertainment', 'Food', 'TV shows', 'Lifestyle']",2538850,50200,920,
125,Heilongjiang JTV,Heilongjiang,Chinese,China Heilongjiang TV (HNBTV),Heilongjiang Provincial Committee,chinaheilongjiangtvofficia9631,UCBax7v1k1a8c3ZjobK5gXig,https://www.youtube.com/@chinaheilongjiangtvofficia9631,74900,"é»‘é¾™æ±Ÿçœå› é»‘é¾™æ±Ÿè€Œå¾—åï¼Œå› æ­¤è¯¥ç¬¦å·é‡ç‚¹å¼ºè°ƒçš„æ˜¯æ±‰å­—â€œé¾™â€ï¼ŒåŒæ—¶è¿™ä¸ªâ€œé¾™â€å­—çš„è‰ä¹¦ä½“åˆå¦‚åŒä¸€æ¡èœ¿èœ’çš„é»‘é¾™æ±Ÿï¼Œå†ä¸€çœ‹åˆè±¡ä¸€æšæå…·ä¸­å›½ç‰¹è‰²çš„ä¸­å›½å°ï¼Œæ˜¯å°†æ°‘æ—ç‰¹è‰²ä¸åœ°åŸŸè‰²å½©å®Œç¾ç»“åˆçš„å…¸èŒƒã€‚
æ¯å‘¨ä¸é—´æ–­ç²¾å½©æ”¾æ¾ï¼Œè¯·å…¨çƒçš„æœ‹å‹ä»¬å¤šå¤šå…³æ³¨ï¼Œè°¢è°¢è®¢é˜…ï½ï¼
Every week wonderful relaxation, please global friends more attention, thank you for subscribing
Welcome to subscribe usï¼we owns the exclusive copyright of all the contents published on the channel. 
",2016-11-01T10:06:03Z,CN,['Gaming'],19225774,74900,1955,é»‘é¾™æ±Ÿå«è§†
126,China International Import Expo (CIIE),Anglosphere,English,China International Import Expo Bureau,Shanghai Municipal People's Government,ChinaInternationalImportExpo,UCe7bcQmsC6tYITTKtKmSf0g,https://www.youtube.com/@ChinaInternationalImportExpo,10400,"The China International Import Expo (CIIE) is the world's first import-themed national-level expo. The CIIE is a reflection of China's consistent support of the multilateral trading system and free trade and is a way for the nation to advance an open world economy and support economic globalization. Find out more: https://www.ciie.org/zbh/en/
___________________________________________________________________________________________________________________
The 6th #CIIE is now open for registration!
Be sure to seize the myriad opportunities in the Chinese market at #CIIE2023! #MakeTheRightCallğŸ¤™https://bit.ly/3YeTw1L
",2018-03-16T05:19:18Z,CN,['Society'],24493434,26600,440,expo China import
127,China Plus,Anglosphere,English,China Media Group (CMG),Central Publicity Department,ChinaPlusOfficial,UC2UMZKo10kGul1xLKbkD0uQ,https://www.youtube.com/@ChinaPlusOfficial,33000,"Explore the real China! From its people, traditions and culture, discover the essential places to visit and benefit from helpful travel tips offered from a Chinese perspective. ",2020-07-02T05:20:02.645608Z,CN,"['Lifestyle', 'Hobby']",48380999,34300,1899,
128,Xinhua EspaÃ±ol,Hispanophone,Spanish,Xinhua News Agency,State Council,ChinaXinhuaEspanol,UCRHU5z9y6ILmaLjvN1vlu-A,https://www.youtube.com/@ChinaXinhuaEspanol,78200,"CNC es el canal de television de la Agencia China de Noticias Xinhua, con programaciÃ³n 24 horas de noticias en InglÃ©s.",2011-03-24T18:41:35Z,MX,"['Society', 'Politics']",31493905,78700,20249,"xinhua cnc news china japon agency ""xinhua news"" ""xinhua news agency"" canal agencia noticias"
129,Noreen,Pakistan,Urdu,China Media Group (CMG),Central Publicity Department,chinesenoreen8035,UCq_P8B6lG4BObleJKw04nfA,https://www.youtube.com/@chinesenoreen8035/videos,91,"Assalamu alaikum ğŸ’¥
i am your chinese friend ğŸ’¥
I'm a blogger ğŸ’¥
subscribe channel ğŸ™
",2022-01-14T17:53:06.044219Z,PK,"['Society', 'Lifestyle']",2160,136,87,"""New creator.."" ""Persanal bloger.."" Chinesenoreen.... Hii.. Iam.. Bloger.... Sapportmee... Pleasesapport..."
130,CRI Ukrainian,Ukraine,Ukrainian,China Media Group (CMG),Central Publicity Department,CRI2023.,UCIg6Hdptlf3OqW40-AXiUAw,https://www.youtube.com/@CRI2023./,43,ĞœÑ–Ğ¶Ğ½Ğ°Ñ€Ğ¾Ğ´Ğ½Ğµ Ñ€Ğ°Ğ´Ñ–Ğ¾ ĞšĞ¸Ñ‚Ğ°Ñ ,2021-10-17T07:14:05.78984Z,UA,"['Lifestyle', 'Society']",20390,48,357,"Ğ½Ğ¾Ğ²Ğ¸Ğ½Ğ¸ ĞºĞ¸Ñ‚Ğ°Ğ¹ ""Ñ†Ñ–ĞºĞ°Ğ²Ñ– Ğ²Ñ–Ğ´ĞµĞ¾"" ĞºÑ€Ğ°Ñ”Ğ²Ğ¸Ğ´Ğ¸ ""ÑƒĞºÑ€Ğ°Ñ—Ğ½ÑÑŒĞºĞ° Ğ¼Ğ¾Ğ²Ğ°"" ĞµĞºĞ¾Ğ½Ğ¾Ğ¼Ñ–ĞºĞ° ĞºÑƒĞ»ÑŒÑ‚ÑƒÑ€Ğ° Ğ¿Ğ¾Ğ´Ğ¾Ñ€Ğ¾Ğ¶ Ğ¼Ğ¸ÑÑ‚ĞµÑ†Ñ‚Ğ²Ğ¾ news china ukraine language beauty travel economy culture æ–°é—» ä¸­å›½ ä¹Œå…‹å…° ä¹Œå…‹å…°è¯­ ä¸­æ–‡ ç¾æ™¯ æ—…æ¸¸ ç»æµ è¯­è¨€ è‰ºæœ¯ æ–‡åŒ– åŒ—äº¬ beijing"
131,CRI Hebrew,Israel,Hebrew,China Media Group (CMG),Central Publicity Department,CRIHebrew,UCzeLeX3y1nY3FZ0mVCcfVdw,https://www.youtube.com/CRIHebrew,22700,××™×¦×™×§ ×”×¡×™× ×™ ×¤×” ××©×ª×£ ××™×ª×›× ×¢×œ ×”×—×™×™× ×©×œ×• ×‘×‘×™×™×’×³×™× ×’ ×›×¡×™× ×™ ×©××“×‘×¨ ×¢×‘×¨×™×ª.,2012-04-06T11:17:12Z,CN,['Lifestyle'],4333925,22700,383,"""××™×¦×™×§ ×”×¡×™× ×™"" ×¢×‘×¨×™×ª ×§×•×¨×•× ×” ""× ×’×™×£ ×”×§×•×“×•× ×”"" ×¡×™× ×™×ª ×¢×‘×¨×™ ""×œ×™××•×“×™ ×¡×™× ×™×ª"" ×¢×‘×¨×™×ª ""×—×™×™× ×™×•××™×™×"" ""×¦×™×œ×•× ×™×•××™×•×"" ""××—×¡×•× ×ª×¨×‘×•×™×•×ª"" ""×—×™×™ ×™×•××™×•×"" ""××•×›×œ ×•×‘×™×œ×•×™"" ""××•×›×œ ×¡×™× ×™"" ×•×•×œ×•×’ ""×¦×™×œ×•× ×¨×“×•××œ×™"" ×× ×”×’×™× ""×—×™×œ×•×¤×™ ×ª×¨×‘×•×™×•×ª"" ""×©×•× ×™ ×ª×¨×‘×•×ª×™"" ""×ª×¨×‘×•×ª ×¡×™× ×™×ª"" ""××™×¦×™×§ ×‘×¡×™×Ÿ"" ""×—×™×™ ×”×¡×™× ×™× ×‘×¢×‘×¨×™×ª"" ""×—×™×™ ×”×¡×™× ×™×"" ""×œ×’×“×œ ×™×œ×“×™×"" ""× ×™×¡×™×•×Ÿ ×’×™×“×•×œ ×™×œ×“×™×"""
132,Xi Xiaoqi (Itzik Hasini),Israel,Hebrew,China Media Group (CMG),Central Publicity Department,CRIHebrew,UCzeLeX3y1nY3FZ0mVCcfVdw,https://www.youtube.com/channel/UCzeLeX3y1nY3FZ0mVCcfVdw,22700,××™×¦×™×§ ×”×¡×™× ×™ ×¤×” ××©×ª×£ ××™×ª×›× ×¢×œ ×”×—×™×™× ×©×œ×• ×‘×‘×™×™×’×³×™× ×’ ×›×¡×™× ×™ ×©××“×‘×¨ ×¢×‘×¨×™×ª.,2012-04-06T11:17:12Z,CN,['Lifestyle'],4333925,22700,383,"""××™×¦×™×§ ×”×¡×™× ×™"" ×¢×‘×¨×™×ª ×§×•×¨×•× ×” ""× ×’×™×£ ×”×§×•×“×•× ×”"" ×¡×™× ×™×ª ×¢×‘×¨×™ ""×œ×™××•×“×™ ×¡×™× ×™×ª"" ×¢×‘×¨×™×ª ""×—×™×™× ×™×•××™×™×"" ""×¦×™×œ×•× ×™×•××™×•×"" ""××—×¡×•× ×ª×¨×‘×•×™×•×ª"" ""×—×™×™ ×™×•××™×•×"" ""××•×›×œ ×•×‘×™×œ×•×™"" ""××•×›×œ ×¡×™× ×™"" ×•×•×œ×•×’ ""×¦×™×œ×•× ×¨×“×•××œ×™"" ×× ×”×’×™× ""×—×™×œ×•×¤×™ ×ª×¨×‘×•×™×•×ª"" ""×©×•× ×™ ×ª×¨×‘×•×ª×™"" ""×ª×¨×‘×•×ª ×¡×™× ×™×ª"" ""××™×¦×™×§ ×‘×¡×™×Ÿ"" ""×—×™×™ ×”×¡×™× ×™× ×‘×¢×‘×¨×™×ª"" ""×—×™×™ ×”×¡×™× ×™×"" ""×œ×’×“×œ ×™×œ×“×™×"" ""× ×™×¡×™×•×Ÿ ×’×™×“×•×œ ×™×œ×“×™×"""
133,Dragon TV Crossover,Shanghai,English,Shanghai Media Group (SMG),Shanghai Municipal Committee,DragonTVCrossOver,UCG4kGP4ETdKzseQshMCCBKg,https://www.youtube.com/@DragonTVCrossOver,201000,"ä¸œæ–¹è§†è§’å›½é™…è§†é‡ï¼Œæ·±åº¦å›½é™…èµ„è®¯å’Œè¯„è®ºï¼Œçœ‹è¿‡æ¥ï¼

ç«™å†…çƒ­é—¨ï¼š
1ã€ã€ç™½å®«ç¾©è§ã€‘ç™½å®«è®°è€…å›¢ç™¾å¹´æ¥é¦–ä½åæ–‡è®°è€…ï¼Œé›¶è·ç¦»è§£è¯»ç¾å›½æ”¿æ²»
https://www.youtube.com/playlist?list=PLAyEv1wrVt_PRnbIfUo7wT6Xpi8zNOSTK

2ã€ã€ç¯çƒå¶é—®ã€‘ç¾å¥³è¯„è®ºå‘˜ç« ä¸€å¶ï¼Œä»æ”¿æ²»å­¦ã€ç¤¾ä¼šå­¦ã€ä¼ æ’­å­¦ç­‰è§†è§’ï¼Œè§£è¯»å›½é™…çƒ­ç‚¹ã€‚
shorturl.at/orAFP

3ã€ã€çœ‹çœ‹çœ‹æ—¥æœ¬ã€‘ä¸œæ–¹å«è§†é©»æ—¥æœ¬è®°è€…å®‹çœ‹çœ‹ï¼Œâ€œç²¾è‡´â€è§£è¯»æ—¥æœ¬æ”¿æ²»ã€ç»æµã€æ–‡åŒ–å’Œç”Ÿæ´»
shorturl.at/xMSW0

4ã€ã€å¤§å’–è¯´ã€‘ä¸­å›½é¡¶å°–å›½é™…å…³ç³»å­¦è€…çš„çœŸçŸ¥ç¼è§ã€‚ç‰›æ°æ˜¯æœ‰é“ç†çš„
shorturl.at/tFL39

5ã€ã€ç¯çƒäº¤å‰ç‚¹ã€‘40åˆ†é’Ÿå›½é™…æ—¶æ”¿æ·±åº¦è®¿è°ˆï¼Œé¡¶çº§æ°´å‡†ã€å¹²è´§æ»¡æ»¡
shorturl.at/mBDVY

è‹±æ–‡æ‹æ¡£ã€ShanghaiEyeé­”éƒ½çœ¼ã€‘
The most interesting things you need to know about Shanghai and China
shorturl.at/mpv04

å®˜æ–¹ç½‘ç«™ï¼š
çœ‹çœ‹æ–°é—»ç½‘ï¼šhttp://www.kankanews.com
ShanghaiEye (ENG): http://www.shanghaieye.com.cn

å¾®ä¿¡å…¬ä¼—å·ï¼šç¯çƒäº¤å‰ç‚¹ (smgcrossover)
å¾®ä¿¡è§†é¢‘å·ï¼šç¯çƒäº¤å‰ç‚¹
å¤´æ¡å·ï¼šKnewsç¯çƒäº¤å‰ç‚¹ã€Knewsäº¤å‰ç‚¹è¯„
æŠ–éŸ³ï¼šç¯çƒäº¤å‰ç‚¹

å¥½å†…å®¹ä¸å«Œå¤šï¼Œè®°å¾—å…³æ³¨æˆ‘ä»¬ï¼
",2012-09-11T08:45:29Z,,"['Society', 'Politics']",114855608,203000,14890,"""shanghai media group"" SMG ä¸­å›½ ç¾å›½ ä¸Šæµ·"
134,Gansu TV Official,Gansu,Chinese,Gansu Media Group (GSMG),Gansu Provincial People's Government,GansuTVOfficialChannel,UC3bIFi2V82TrAot_q3cSHmQ,https://www.youtube.com/@GansuTVOfficialChannel,11,ä¸ç»¸ä¹‹è·¯ä¸Šçš„ä¸€é¢—æ˜ç ï¼æ¬¢è¿è®¢é˜…ç”˜è‚ƒå¹¿æ’­ç”µè§†å°,2023-04-01T02:33:17.34886Z,HK,"['Knowledge', 'Religion', 'Lifestyle', 'Society']",926,12,56,
135,Haixia Daobao,Taiwan,Chinese,Fujian Daily News Group,Fujian Provincial Committee,haixiadaobao,UCzo0ZxnYHhxAVGvgh22UOdw,https://www.youtube.com/channel/UCzo0ZxnYHhxAVGvgh22UOdw,41000,è‡¨æµ· è½é¢¨ è®€å…©å²¸,2017-07-10T08:30:36Z,CN,['Lifestyle'],33905908,42600,6117,æ–°èåª’é«”
136,PLA Daily,China,Chinese,People's Liberation Army (PLA) Newspaper,People's Liberation Army,hquangtu,UCv-jCuD0-MEfL12y-IX1Kgw,https://www.youtube.com/channel/UCv-jCuD0-MEfL12y-IX1Kgw,23,"The People's Liberation Army (PLA) is the principal military force of the People's Republic of China and the armed wing of the Chinese Communist Party (CCP). The PLA consists of five service branches: the Ground Force, Navy, Air Force, Rocket Force, and Strategic Support Force. It is under the leadership of the Central Military Commission (CMC) with its chairman as commander-in-chief.
Army China,PLA Rocket Force,Russian army,Pla lÃ  gÃ¬ Trung Quá»‘c,U.S. Army,China military exercise,Chinese Army equipment,U.S. Army logo
china #chinese #chinatown #people #peoplesliberationarmy #groundforces #navy #airforce #military #militarybase #chinanews ...
",2006-08-31T18:17:54Z,AU,"['Society', 'Military', 'Politics']",7609,25,77,
137,Hubei TV,Hubei,Chinese,Hubei Radio & Television Station (HBTV),Hubei Provincial People's Government,hubeitvofficial,UCFjFJVroCeJvYVE27sdHDrw,https://www.youtube.com/@hubeitvofficial,6370,Welcome to subscribe usï¼we owns the exclusive copyright of all the contents published on the channel. ,2021-06-08T05:51:32.708242Z,,"['TV shows', 'Lifestyle', 'Health', 'Entertainment']",5135546,6400,1679,
138,Litchi Live,Jiangsu,Chinese,Jiangsu Broadcasting Corporation,Jiangsu Provincial People's Government,litchilive,UCYCWVHZeEoHhUyzoaqpsHAA,https://www.youtube.com/channel/UCYCWVHZeEoHhUyzoaqpsHAA,262,"å¸¦ä½ çœ‹ç²¾å½©ä¸–ç•Œ Show you the wonderful worldï¼
",2022-12-02T06:16:22.902458Z,HK,"['Lifestyle', 'Knowledge']",177281,347,747,
139,Yu Mama (Mama Yu),Germany,German,China Media Group (CMG),Central Publicity Department,mamayu1607,UCiY5o2dEbz3S4QSsXqWWXJA,https://www.youtube.com/channel/UCiY5o2dEbz3S4QSsXqWWXJA,402,,2020-11-09T02:14:09.661399Z,,"['Lifestyle', 'Food']",43389,403,182,
140,Mengyu,Germany,German,China Media Group (CMG),Central Publicity Department,MengyuChinatube,UCaAhqHEOOfMGswWgZUYI9mg,https://www.youtube.com/channel/UCaAhqHEOOfMGswWgZUYI9mg,8060,"Hallo, Leute! Ich bin Mengyu, wohne jetzt in Beijing. Germanistik Alumni der Peking UniversitÃ¤t und Uni TÃ¼bingen. Ich mag schÃ¶nes Essen, Fashion und reise sehr gerne. Ich mÃ¶chte hier mein Leben in China per meinen Kamera mit Ihnen teilen.
",2019-10-16T01:41:34.521144Z,CN,['Lifestyle'],136439,8830,154,China Lifestyle Culture Kultur Deutsch Deutschland Chinesisch æ–‡åŒ– ä¸­å›½ æ—…è¡Œ ç”Ÿæ´» ç¤¾ä¼š å¹¿å· ç¾é£Ÿ å†¬å¥¥ ç¦å»º é«˜æ ¡ å¾·è¯­ Germanistik å­¦æ ¡ Football EM2021 Prognose
141,Nilaani (à®¨à®¿à®²à®¾à®©à®¿),India,Tamil,China Media Group (CMG),Central Publicity Department,NaanNilaani,UCo1S3CUMK6iFVkCoSHw5B1Q,https://www.youtube.com/@NaanNilaani,692000,"à®¤à®®à®¿à®´à®¾à®²à¯ à®‡à®£à¯ˆà®µà¯‹à®®à¯!
à®¤à®®à®¿à®´à¯ à®µà®¾à®´à¯à®•, à®¤à®®à®¿à®´à¯ à®µà®³à®°à¯à®•!
à®à®©à¯ à®¤à®®à®¿à®´à¯à®ªà¯ à®ªà¯†à®¯à®°à¯ à®¨à®¿à®²à®¾à®©à®¿!
à®¤à®®à®¿à®´à¯à®ªà¯ à®ªà¯‡à®šà¯à®®à¯ à®¨à®¿à®²à®¾à®©à®¿!
",2021-08-10T07:38:15.420187Z,,"['Food', 'Lifestyle']",100579510,768000,301,"""chinese tamil"" ""tamil in china"" china nilaani ""tamil speaking"" ""tamil speaking chinese"""
142,Hubei Announcements (Open Hubei),Hubei,Chinese,General Office of the People's Government of Hubei Province,Hubei Provincial People's Government,OpenHubei,UCYGfTd-OZsLvSneNI0iJQrQ,https://www.youtube.com/@OpenHubei,1080,,2023-04-23T11:51:35.170307Z,,"['Lifestyle', 'Society']",287612,1070,125,
143,People's Daily Japanese,Japan,Japanese,People's Daily Press,Central Committee of the Chinese Communist Party,peoplesdailyjapanese5650,UCBrbNXeSabKk4Vx7scAJ-qA,https://www.youtube.com/@peoplesdailyjapanese5650,7,People's Daily Online is an important channel for overseas readers to know japan on the Internet.,2019-09-12T09:35:46Z,JP,"['Hobby', 'Lifestyle']",89,7,3,
144,Phoenix TV (Finance),China,Chinese,Phoenix Media Investment (Holdings) Limited,Bauhinia Culture Holdings Limited,Phoenix-Finance,UCD1DqJndrM8PUHhk0xoxEqg,https://www.youtube.com/@ifenglobal,18900,"æŒæ¡è²¡ç¶“å‹•æ…‹ï¼Œç¸±è§€ä¸–ç•Œè®Šé©ï¼
ã€é³³å‡°è²¡ç¶“ã€‘ç‚ºæ‚¨æä¾›æœ€å…¨é¢æœ€çœŸå¯¦çš„è²¡ç¶“è³‡è¨Šåˆ†äº«ï¼
æ­¡è¿è¨‚é–±ğŸ‘‰http://a0.pise.pw/vndb8
ğŸ””é–‹å•Ÿå°éˆ´éºç¬¬ä¸€æ™‚é–“æ¥æ”¶åœ‹éš›è²¡ç¶“æœ€æ–°è³‡è¨Š
å–œæ­¡æˆ‘å€‘çš„è¦–é »çš„è©±ï¼Œåˆ¥å¿˜äº†é»è´Šã€è©•è«–ã€åˆ†äº«å“¦~

ã€é³³å‡°è²¡çŸ¥é“ã€‘ğŸ‘‰https://bit.ly/3PspZwZ
*å˜‰è³“è¨€è«–ä¸ä»£è¡¨é³³å‡°ç«‹å ´
ã€äº¤æµ/åˆä½œè”ç»œæ–¹å¼ã€‘
fengshowsfinancial@gmail.com
æ¬¢è¿å…³æ³¨ã€é³³å‡°è²¡ç¶“ã€‘å…¶ä»–å¹³å°è´¦æˆ·ï¼š
å®˜æ–¹Facebookï¼š @é³³å‡°è²¡ç¶“Phoenix Finance
å®˜æ–¹TikTokï¼š @phoenixtvfinance
",2020-08-27T09:01:25.424299Z,HK,"['Society', 'Knowledge', 'Politics']",9498878,25600,7648,é³³å‡°ç§€ é³³å‡°è¡›è¦– è²¡ç¶“ Finance Fengshows é‡‘çŸ³è²¡ç¶“
145,Phoenix TV,China,Chinese,Phoenix Media Investment (Holdings) Limited,Bauhinia Culture Holdings Limited,phoenixtvhk,UCd9dPMYgV9-IQaZG491TaRw,https://www.youtube.com/@phoenixtvhk,579000,"å‘ä¸–ç•Œç™¼å‡ºè¯äººçš„è²éŸ³
æ›´å¤šé³³å‡°ç²¾å½©ç¯€ç›®è³‡è¨Šï¼Œè«‹é—œæ³¨ï¼š
Facebookï¼š@Phoenix TV é³³å‡°è¡›è¦–
Twitterï¼š@PhoenixTVHK
Instagramï¼š@Phoenixtvhk
Tik Tokï¼š@phoenixtv_hk
ä¸‹è¼‰é³³å‡°ç§€Appï¼Œ24å°æ™‚ç¯€ç›®ä¸é–“æ–·ã€‚
bit.ly/3vN0PjU

Expressing the voice of Chinese to the world
For more information, please follow:
@Phoenix TV é³³å‡°è¡›è¦– on Facebook
@PhoenixTVHK on Twitter
@Phoenixtvhk on Instagram
@phoenixtv_hk on Tik Tok
Download Fengshows App for better experience:
bit.ly/3vN0PjU
",2018-06-05T07:31:13Z,HK,"['Politics', 'Society']",238054970,585000,18095,é³³å‡°è¡›è¦– æ–°è é³³å‡°ç§€
146,Wang Mengchu (Kaka / Shakala Ka),Hispanophone,Spanish,China Media Group (CMG),Central Publicity Department,shakalaka9028,UCuoFdV3S34djPGnU_MeavVQ,https://www.youtube.com/channel/UCuoFdV3S34djPGnU_MeavVQ,38,,2021-07-15T02:16:58.218265Z,,"['Pop music', 'Music of Asia', 'Music']",309,42,3,
147,Shanxi Radio and TV Station,Shanxi,Chinese,Shanxi Radio and TV Station,Shanxi Provincial People's Government,shanxiradioandtelevisionst73,UCxh_Kg_UnEtrftAJOtx2-Xg,https://www.youtube.com/channel/UCxh_Kg_UnEtrftAJOtx2-Xg,44,"ä¼ æ’­å±±è¥¿ç‰¹è‰²æ–‡åŒ–
Spreading the culture with Shanxi characteristics
",2022-09-08T03:08:50.524348Z,,"['Politics', 'Society', 'Lifestyle']",3442,52,436,
148,Show Me China,Anglosphere,English,Xinhua News Agency,State Council,showmechina8515,UC094Us15KM_u2_AlnGGxntQ,https://youtube.com/channel/UC094Us15KM_u2_AlnGGxntQ?fbclid=IwAR16rzIv57zz9l9YrVI5-SshM8sWVqEOor0AsoTJip1NVsIsSw-GcO_Mb-k,1320,"Hi! Rick and Miranda here! 

Rick Oâ€™Shea is a broadcaster, writer, podcaster, and TV host, living in China for decades. Miranda is a professional reporter and film director in Beijing, focusing on people's stories. 

Our goal is to show you a nation you donâ€™t know much about and Chinese people doing cool things around the world, as well as those related to China. We are also inviting Chinese around the world to show who they are and what they are doing! 

THANK YOU for watching and please SUBSCRIBE for more interesting stories!

å—¨ï¼Œå¤§å®¶å¥½ï¼æˆ‘ä»¬æ˜¯Rickå’ŒMiranda!
Rickæ¥è‡ªç¾å›½ï¼Œåœ¨ä¸­å›½é¦™æ¸¯ã€å°åŒ—ã€ä¸Šæµ·ã€åŒ—äº¬ç­‰åŸå¸‚ç”Ÿæ´»äº†æ•°åå¹´ï¼Œæ˜¯ä¸€åæ’­éŸ³å‘˜ï¼Œä½œå®¶ï¼Œæ’­å®¢ä¸»æ’­ï¼Œä¹Ÿæ˜¯ä¸€åç”µè§†ä¸»æŒã€‚
Mirandaæ˜¯ä¸€åå–„äºæ‹æ‘„äººç‰©æ•…äº‹çš„èµ„æ·±è®°è€…å’Œå¯¼æ¼”ï¼Œç›®å‰ç”Ÿæ´»åœ¨åŒ—äº¬ã€‚
æˆ‘ä»¬å¸Œæœ›å‘ä¸–ç•Œå±•ç¤ºä¸ä¸€æ ·çš„ä¸­å›½ï¼Œå¸¦ä½ è®¤è¯†å’Œäº†è§£ç”Ÿæ´»åœ¨ä¸–ç•Œå„ä¸ªè§’è½æœ€æœ‰æ„æ€çš„ä¸­å›½äººä»¥åŠä¸ä¸­å›½ç›¸å…³çš„äººã€‚åŒæ—¶ï¼Œä¹Ÿæ¬¢è¿å„ä½æœ‹å‹å‘æˆ‘ä»¬æŠ•ç¨¿ï¼Œä¸æˆ‘ä»¬åˆ†äº«ä½ ä»¬çš„ç²¾å½©æ•…äº‹ï¼
",2021-09-22T03:47:31.454515Z,,"['Lifestyle', 'Society']",185954,1340,73,
149,Shanghai TV,Shanghai,Chinese,Shanghai Media Group (SMG),Shanghai Municipal Committee,SMG-Official,UCahKjkez9olNwcpc5pZwzvg,https://www.youtube.com/@SMG-Official,1890000,"â˜…ç‚¹å‡»è®¢é˜… çƒ­ç‚¹ä¸ç²¾å½©ä¸€ç½‘æ‰“å°½ 

â˜†æœ€ç«çˆ†çš„åè¯­ç»¼è‰º - è®¢é˜…ä¸­å›½ä¸œæ–¹å«è§†å®˜æ–¹é¢‘é“: https://bit.ly/SMGDragonTV
â˜…æœ€çˆ†ç¬‘çš„å–œå‰§ç‹ç‰Œ - è®¢é˜…SMGä¸Šæµ·ä¸œæ–¹å«è§†æ¬¢ä¹é¢‘é“: https://bit.ly/30Dv1PW
â˜†æœ€åŠ¨å¬çš„åè¯­éŸ³ä¹ - è®¢é˜…SMGä¸Šæµ·ä¸œæ–¹å«è§†éŸ³ä¹é¢‘é“: http://bit.ly/33lUKNA
â˜…æœ€æ ¸å¿ƒçš„SMGæ–°é—»é¢‘é“ - è®¢é˜…çœ‹çœ‹æ–°é—»Knews: https://bit.ly/SMGKnews
â˜†æœ€å‰æ²¿çš„ä¸Šæµ·åœ°é¢ä¸»é¢‘é“ - è®¢é˜…STVç»¼åˆé¢‘é“ï¼šhttps://bit.ly/smgstv

ä¸œæ–¹å«è§†å°Šé‡æ‰€æœ‰ä½¿ç”¨çš„èŠ‚ç›®åŠéŸ³ä¹ç´ æç‰ˆæƒï¼Œå¦‚æ‚¨å¯¹ç‰ˆæƒé—®é¢˜å­˜åœ¨ä»»ä½•å¼‚è®®ï¼Œè¯·ç¬¬ä¸€æ—¶é—´é€šè¿‡é‚®ä»¶è”ç³»æˆ‘ä»¬ï¼Œæˆ‘ä»¬éå¸¸æ„¿æ„ä¸ºæ‚¨è§£å†³ç›¸å…³é—®é¢˜ï¼
",2011-12-12T06:48:11Z,HK,"['Entertainment', 'TV shows', 'Society']",1469485847,1900000,52327,ä¸œæ–¹å«è§† ä¸Šæµ·æ–‡å¹¿ SMG æé™æŒ‘æˆ˜ æé™æŒ‘æˆ˜2 æé™æŒ‘æˆ˜3 æé™æŒ‘æˆ˜4 æé™æŒ‘æˆ˜5 æ¬¢ä¹å–œå‰§äºº5 æ¬¢ä¹å–œå‰§äºº4 æ¬¢ä¹å–œå‰§äºº3 æ¬¢ä¹å–œå‰§äºº2 æ¬¢ä¹å–œå‰§äºº ä¸­å›½è¾¾äººç§€ å­™çº¢é›· é»„ç£Š é»„æ¸¤ ç½—å¿—ç¥¥ å¼ è‰ºå…´ ç‹è¿… é‡‘æ˜Ÿç§€ å¤©ç±ä¹‹æˆ˜ å¤©ç±ä¹‹æˆ˜2 æ²¡æƒ³åˆ°å§ å–å½©ä¸­å2 ç›¸å£°æœ‰æ–°äºº ä¸­å›½æ–°ç›¸äº² äººé—´ä¸– å–å½©ä¸­å ä»Šå¤œç°åœºç§€ ç”Ÿé—¨ é’æ˜¥æ—…ç¤¾ æ¢¦æƒ³æ”¹é€ å®¶ ç¬‘å‚²æ±Ÿæ¹– æ—…é€”çš„èŠ±æ · èŠ±æ ·å§å§ ä»Šå¤œç™¾ä¹é—¨ å››å¤§ååŠ© éšè—çš„æ­Œæ‰‹ æˆ‘çš„æ–°è¡£
150,Háº¡ Vy,Vietnam,Vietnamese,China Media Group (CMG),Central Publicity Department,thienhavoich4515,UClLHI5-_iyGsa3DWUNJga0A,https://www.youtube.com/channel/UClLHI5-_iyGsa3DWUNJga0A,20600,"Xin chÃ o má»i ngÆ°á»i, mÃ¬nh lÃ  ThiÃªn ThÆ°, lÃ  má»™t ngÆ°á»i Trung Quá»‘c Ä‘ang há»c tiáº¿ng Viá»‡t. MÃ¬nh 
muá»‘n giá»›i thiá»‡u cho cÃ¡c báº¡n Viá»‡t Nam whatâ€™s hot á»Ÿ Trung Quá»‘c, cÅ©ng mong giao lÆ°u vá»›i cÃ¡c báº¡n Ä‘á»ƒ tÃ¬m hiá»ƒu sÃ¢u sáº¯c hÆ¡n Ä‘á»‘i vá»›i Viá»‡t Namâ€¦
HaÌƒy cuÌ€ng ThiÃªn ThÆ° Ä‘i khaÌm phaÌ mÃ´Ì£t Trung QuÃ´Ìc Ä‘a daÌ£ng vaÌ€ sÄƒÌc maÌ€u vÆ¡Ìi nhÆ°Ìƒng moÌn ngon, caÌ‰nh Ä‘eÌ£p...",2020-08-26T08:15:20.346364Z,VN,,5157939,20900,109,
151,Raniya (ë¼ë‹ˆ),South Korea,Korean,China Media Group (CMG),Central Publicity Department,TV-qp1bt,UCeOreglDZzyK10sL0OKCH6A,https://www.youtube.com/channel/UCeOreglDZzyK10sL0OKCH6A,553,"ì•ˆë…•í•˜ì„¸ìš”~ë…¸ë˜ë¥¼ ì¢‹ì•„í•˜ëŠ” ë¼ë‹ˆì˜ˆìš”~ 
ì¤‘êµ­ì—ëŠ” ì •ë§ ì¢‹ì€ ë…¸ë˜ë“¤ì´ ë§ì€ë°ìš”~ 
ì¤‘êµ­ì˜ ê°€ì¥ ì•„ë¦„ë‹¤ìš´ ë…¸ë˜, ê°€ì¥ í•« í•œ ìµœì‹  ì¸ê¸° ê°€ìš”, ì¤‘êµ­ ìœ í–‰ê°€ìš”ê³„ì˜ íë¦„ì„ ì—¬ëŸ¬ë¶„ê³¼ ê³µìœ í•˜ê³ ì facebook/youtube ë¥¼ ì˜¤í”ˆí–ˆì–´ìš”~
ìˆ˜ìµì°½ì¶œì„ ëª©ì ìœ¼ë¡œ í•˜ëŠ” ì±„ë„ì´ ì•„ë‹ˆë¯€ë¡œ ì—…ë¡œë“œë¡œ ë°œìƒí•˜ëŠ” ëª¨ë“  ìˆ˜ìµì€ ì›ê³¡ìì—ê²Œ ê·€ì†ë©ë‹ˆë‹¤. 
ì €ì‘ê¶Œì€ ì›ì‘ìì—ê²Œ ìˆìœ¼ë¯€ë¡œ ì˜ìƒì´ ë¬¸ì œë  ì‹œ ë°”ë¡œ ë‚´ë¦¬ë„ë¡ í•˜ê² ìŠµë‹ˆë‹¤.
ìì£¼ ë†€ëŸ¬ ì˜¤ì‹œêµ¬ìš”, í•¨ê»˜ í–‰ë³µí•œ ì‹œê°„ ë³´ë‚´ìš©^^
",2020-10-19T08:56:11.932375Z,,"['Music', 'Pop music', 'Music of Asia']",136056,878,111,
152,Jiupai News,Hubei,Chinese,Changjiang Daily Press,Wuhan Municipal Committee,user-tm5fe9ex6b,UCHvSdEZ6_T5vZuKTywy2l7g,https://www.youtube.com/channel/UCHvSdEZ6_T5vZuKTywy2l7g,5570,,2022-04-21T02:38:43.583687Z,HK,,8853263,6840,6222,
153,The Cover News,Sichuan,Chinese,"Sichuan Daily Online Media Development Co., Ltd.",Sichuan Provincial Committee,user-zu4gg5dy6q,UCEQWycFNzDc8eMc81A4mBBQ,https://www.youtube.com/@user-zu4gg5dy6q,64,å°é¢æ–°é—»å®˜æ–¹é¢‘é“,2022-07-25T13:15:19.790171Z,HK,['Society'],36290,85,575,
154,Xinhua London,UK,English,Xinhua News Agency,State Council,xinhuanewsagencylondon9756,UChj2e4xf-WJkaevyvUqpkTg,https://www.youtube.com/@xinhuanewsagencylondon9756,6,,2016-04-13T09:40:04Z,,"['Society', 'Politics']",796,6,76,
155,Shan Ni'er (Yummy Shanny),EU,Esperanto,China Media Group (CMG),Central Publicity Department,yummyshanny666,UCao498UVBHU7hYxkGWnfGCw,https://www.youtube.com/channel/UCao498UVBHU7hYxkGWnfGCw/featured,147000,"ğŸŒ® A food vlogger and a culinary lover.
Subscribe me and let's enjoy every yummy time!
ğŸ‘‰ https://bit.ly/2Okg6rz
â€ğŸ‘©â€ğŸ¦° å’Œç¾é£Ÿåšä¸»çŠå¦®å…’ ä¸€èµ·åƒéæ±æ–¹è¥¿æ–¹ï¼
ğŸ’š Mi ankaÅ­ estas esperantisto, varme bonvenigas Ä‰iujn gesamideanojn!

ğŸ’ƒFollow my SNS and enojy more gourments with me:
ğŸ‘‰YouTube: Shanny' Day and Esperanto
ğŸ‘‰Facebook: I'm Shanny çŠå¦®å„¿
ğŸ‘‰å¾®åšï¼šçŠå¦®å„¿åƒä¸œè¥¿
ï¼ˆä¸­æ–‡å¹³å°å…¨ç¶²åŒåï¼Œéƒ½å«@çŠå¦®å„¿åƒä¸œè¥¿ï¼‰
",2019-02-12T02:26:58Z,HK,"['Lifestyle', 'Food']",1941290,164000,303,"""I'm Shanny! çŠå¦®å„¿"" çŠå¦®å„¿ ç¾é£Ÿ æ¢åº— food åƒè´§ cook æ–™ç† çƒ¹é¥ª ç¾å‘³ delicious æ¸©æš– ""how to"" ""how to make"" ""chinese food"" recipe cooking ShannyçŠå¦®å„¿ foodie ç¾é£Ÿå®¶ å¥½åƒ è¡—é ­ç¾é£Ÿ å¤§é™¸ ä¸–ç•Œèª å¥½ç¾å‘³ ç¾é£Ÿåšä¸» çŠå¦®å…’ ""food blogger"" cuisine ""Yummy Shanny"" Shanny"
156,Yunnan TV,Yunnan,Chinese,Yunnan Media Group (YMG),Yunnan Provincial Committee,YunnanTV,UCAkJs2NQvfKJxjpt811m0og,https://www.youtube.com/channel/UCAkJs2NQvfKJxjpt811m0og,164000,"äº‘å—å¹¿æ’­ç”µè§†å°åšæŒ""æ–°é—»ä¸ç‰¹è‰²ç«‹å°ã€èµ„æºä¸å“ç‰Œå¼ºå°ã€äººæ‰ä¸ç®¡ç†å…´å°""çš„åŠå°ç†å¿µã€‚æ ‘ç«‹""ç»¿è‰²äººæ–‡ã€ç»å…¸å“è´¨ã€å†…å®¹ä¸ºç‹ã€å“ç‰Œåˆ¶èƒœÂ­""çš„åª’ä½“æ–‡åŒ–ï¼Œä¾æ‰˜æ°‘æ—æ–‡åŒ–ã€æ—…æ¸¸ã€é¢å‘ä¸œå—äºšã€å—äºšã€ç”Ÿæ€ç­‰å››å¤§èµ„æºä¼˜åŠ¿ï¼Œç§¯æè¿›å–ã€å‹‡äºåˆ›æ–°ï¼Œæ‰“é€ å‡ºä¸€æ‰¹é¢‡å…·ç‰¹è‰²çš„å“ç‰ŒèŠ‚ç›®ï¼Œæœ¬é¢‘é“å°†ä¸ºæ‚¨åŒæ­¥æ›´æ–°ã€Šç»å…¸äººæ–‡åœ°ç†ã€‹ã€ŠèˆåŠ¨å…¨åŸã€‹ã€Šå‘³é“äº‘å—ã€‹ç­‰å¤šä¸ªé‡‘ç‰Œæ ç›®ï¼Œæ¬¢è¿è®¢é˜…ï¼Yunnan TV station keep putting three group of elements as their operating standards. They believe that the station should be set up based on news and specialisation, improve with enormous sources and their own brand, become thrive depending on talents and management. The station illustrate four key points as their media culture, which are economical implication, classical quality, contents comes first and taking brand as the top priority. Meanwhile, the station hope to target on southeast Asia, southern Asia audiences relying on the traditional culture and tourism. After rounds of developing and creating, the station wish to make their top programs become characterised. This channel would update few brand programs such as Live Music and Soldiers Sortie. 

",2013-07-16T08:31:26Z,CN,"['Music', 'Lifestyle']",12890097,164000,4469,
